run_id,runner_name,timestamp,dataset,dataset_original_name,experiment_axis,scale_group,model,task_type,total_rows,train_rows,val_rows,fit_rows,test_rows,n_features,n_num_features,n_cat_features,n_classes,encoding,device,model_path,random_seed,accuracy,balanced_accuracy,macro_f1,probabilities_available,mean_confidence,correct_mean_confidence,wrong_mean_confidence,confidence_gap,fit_time_seconds,predict_time_seconds,wall_time_seconds,seconds_per_test_sample,peak_memory_mb,training_throughput,success,error_type,error_message,runner_dir,runner_name_from_dir,device_type,metrics_path,run_dir,success_bool
run_20260615_211824,吴兆临,2026-06-15T21:18:24,mfeat-morphological_2000rows_6feat_multiclass,mfeat-morphological,feature_scale,F1_6_20,lightgbm,multiclass,2000,1280,320,1600,400,6,6,0,10,talent_numeric_plus_ordinal_categorical,cpu,,42,0.71,0.71,0.7107758647139355,True,0.937862858921887,0.9532633861037176,0.9001581199594746,0.0531052661442429,1.0471681000000217,0.0313105000000177,1.166190400000005,7.827625000004445e-05,166.6875,9167.582549544626,True,,,吴兆临_light_laptop,吴兆临,light_laptop,D:\Codex项目\人工智能2大作业\results\raw\吴兆临_light_laptop\lightgbm\feature_scale\F1_6_20\mfeat-morphological_2000rows_6feat_multiclass\run_20260615_211824\metrics.csv,D:\Codex项目\人工智能2大作业\results\raw\吴兆临_light_laptop\lightgbm\feature_scale\F1_6_20\mfeat-morphological_2000rows_6feat_multiclass\run_20260615_211824,True
run_20260615_212436,吴兆临,2026-06-15T21:24:36,mfeat-fourier_2000rows_76feat_multiclass,mfeat-fourier,feature_scale,F2_20_100,lightgbm,multiclass,2000,1280,320,1600,400,76,76,0,10,talent_numeric_plus_ordinal_categorical,cpu,,42,0.8725,0.8724999999999999,0.871777208722768,True,0.9578671175312924,0.9770543206220716,0.8265664532434124,0.1504878673786591,2.1171538000000965,0.0134983999998894,2.164974499999971,3.374599999972361e-05,177.84375,57435.60056902548,True,,,吴兆临_light_laptop,吴兆临,light_laptop,D:\Codex项目\人工智能2大作业\results\raw\吴兆临_light_laptop\lightgbm\feature_scale\F2_20_100\mfeat-fourier_2000rows_76feat_multiclass\run_20260615_212436\metrics.csv,D:\Codex项目\人工智能2大作业\results\raw\吴兆临_light_laptop\lightgbm\feature_scale\F2_20_100\mfeat-fourier_2000rows_76feat_multiclass\run_20260615_212436,True
run_20260615_212949,吴兆临,2026-06-15T21:29:49,mfeat-karhunen_2000rows_64feat_multiclass,mfeat-karhunen,feature_scale,F2_20_100,lightgbm,multiclass,2000,1280,320,1600,400,64,64,0,10,talent_numeric_plus_ordinal_categorical,cpu,,42,0.9475,0.9475,0.94700048315746,True,0.9822483100145428,0.9895534965448438,0.8504070864438692,0.1391464101009746,1.8401449000000407,0.0131272999999509,1.8870373999998264,3.281824999987748e-05,171.2421875,55647.79164944984,True,,,吴兆临_light_laptop,吴兆临,light_laptop,D:\Codex项目\人工智能2大作业\results\raw\吴兆临_light_laptop\lightgbm\feature_scale\F2_20_100\mfeat-karhunen_2000rows_64feat_multiclass\run_20260615_212949\metrics.csv,D:\Codex项目\人工智能2大作业\results\raw\吴兆临_light_laptop\lightgbm\feature_scale\F2_20_100\mfeat-karhunen_2000rows_64feat_multiclass\run_20260615_212949,True
run_20260615_213344,吴兆临,2026-06-15T21:33:44,mfeat-zernike_2000rows_47feat_multiclass,mfeat-zernike,feature_scale,F2_20_100,lightgbm,multiclass,2000,1280,320,1600,400,47,47,0,10,talent_numeric_plus_ordinal_categorical,cpu,,42,0.77,0.7699999999999999,0.775125536874906,True,0.9431786429773212,0.9694156698236452,0.8553416400570181,0.1140740297666271,2.1469942999999603,0.0143041000001176,2.193599400000039,3.576025000029404e-05,174.703125,35025.71012880723,True,,,吴兆临_light_laptop,吴兆临,light_laptop,D:\Codex项目\人工智能2大作业\results\raw\吴兆临_light_laptop\lightgbm\feature_scale\F2_20_100\mfeat-zernike_2000rows_47feat_multiclass\run_20260615_213344\metrics.csv,D:\Codex项目\人工智能2大作业\results\raw\吴兆临_light_laptop\lightgbm\feature_scale\F2_20_100\mfeat-zernike_2000rows_47feat_multiclass\run_20260615_213344,True
run_20260615_215354,吴兆临,2026-06-15T21:53:54,mfeat-factors_2000rows_216feat_multiclass,mfeat-factors,feature_scale,F3_100_300,lightgbm,multiclass,2000,1280,320,1600,400,216,216,0,10,talent_numeric_plus_ordinal_categorical,cpu,,42,0.9675,0.9675,0.9673458371384378,True,0.9910067993222624,0.996671159040672,0.8223831677049913,0.1742879913356807,2.867962499999976,0.012908900000184,2.934375600000294,3.227225000046019e-05,186.3984375,120503.66767348,True,,,吴兆临_light_laptop,吴兆临,light_laptop,D:\Codex项目\人工智能2大作业\results\raw\吴兆临_light_laptop\lightgbm\feature_scale\F3_100_300\mfeat-factors_2000rows_216feat_multiclass\run_20260615_215354\metrics.csv,D:\Codex项目\人工智能2大作业\results\raw\吴兆临_light_laptop\lightgbm\feature_scale\F3_100_300\mfeat-factors_2000rows_216feat_multiclass\run_20260615_215354,True
run_20260615_221937,吴兆临,2026-06-15T22:19:37,mfeat-pixel_2000rows_240feat_multiclass,mfeat-pixel,feature_scale,F3_100_300,lightgbm,multiclass,2000,1280,320,1600,400,240,0,240,10,talent_numeric_plus_ordinal_categorical,cpu,,42,0.9625,0.9625,0.9626858067264056,True,0.9859393009465112,0.9947027435789728,0.7610109400466687,0.2336918035323041,3.117804299999989,0.0276898000001892,3.2969836000002037,6.92245000004732e-05,185.234375,123163.59946004352,True,,,吴兆临_light_laptop,吴兆临,light_laptop,D:\Codex项目\人工智能2大作业\results\raw\吴兆临_light_laptop\lightgbm\feature_scale\F3_100_300\mfeat-pixel_2000rows_240feat_multiclass\run_20260615_221937\metrics.csv,D:\Codex项目\人工智能2大作业\results\raw\吴兆临_light_laptop\lightgbm\feature_scale\F3_100_300\mfeat-pixel_2000rows_240feat_multiclass\run_20260615_221937,True
run_20260615_222408,吴兆临,2026-06-15T22:24:08,kc1_2109rows_21feat_binclass,kc1,sample_scale,A_1000_3000,lightgbm,binclass,2109,1349,338,1687,422,21,21,0,2,talent_numeric_plus_ordinal_categorical,cpu,,42,0.8720379146919431,0.7041585865115276,0.726171593366979,True,0.934570844121368,0.9474501545665972,0.8468007284946234,0.1006494260719736,0.2413993999998638,0.0037070999997013,0.2704757999999856,8.784597155690316e-06,143.29296875,146756.78564246633,True,,,吴兆临_light_laptop,吴兆临,light_laptop,D:\Codex项目\人工智能2大作业\results\raw\吴兆临_light_laptop\lightgbm\sample_scale\A_1000_3000\kc1_2109rows_21feat_binclass\run_20260615_222408\metrics.csv,D:\Codex项目\人工智能2大作业\results\raw\吴兆临_light_laptop\lightgbm\sample_scale\A_1000_3000\kc1_2109rows_21feat_binclass\run_20260615_222408,True
run_20260615_222512,吴兆临,2026-06-15T22:25:12,pc1_1109rows_21feat_binclass,pc1,sample_scale,A_1000_3000,lightgbm,binclass,1109,709,178,887,222,21,21,0,2,talent_numeric_plus_ordinal_categorical,cpu,,42,0.9369369369369368,0.6879227053140097,0.7140228192859772,True,0.984333217560516,0.9927568735920388,0.8591817565207481,0.1335751170712907,0.1556688000000576,0.0035255000002507,0.1790246999998999,1.5880630631760175e-05,142.29296875,119657.88905672234,True,,,吴兆临_light_laptop,吴兆临,light_laptop,D:\Codex项目\人工智能2大作业\results\raw\吴兆临_light_laptop\lightgbm\sample_scale\A_1000_3000\pc1_1109rows_21feat_binclass\run_20260615_222512\metrics.csv,D:\Codex项目\人工智能2大作业\results\raw\吴兆临_light_laptop\lightgbm\sample_scale\A_1000_3000\pc1_1109rows_21feat_binclass\run_20260615_222512,True
run_20260615_225115,吴兆临,2026-06-15T22:51:15,ringnorm_7400rows_20feat_binclass,ringnorm,sample_scale,B_3000_10000,lightgbm,binclass,7400,4736,1184,5920,1480,20,20,0,2,talent_numeric_plus_ordinal_categorical,cpu,,42,0.9743243243243244,0.9742581056376484,0.9743175707271452,True,0.977335668684224,0.9825830948191318,0.7782096558806278,0.2043734389385039,0.2163933000001634,0.0065860999993674,0.2546480999999403,4.450067567140158e-06,148.3203125,547151.8757739292,True,,,吴兆临_light_laptop,吴兆临,light_laptop,D:\Codex项目\人工智能2大作业\results\raw\吴兆临_light_laptop\lightgbm\sample_scale\B_3000_10000\ringnorm_7400rows_20feat_binclass\run_20260615_225115\metrics.csv,D:\Codex项目\人工智能2大作业\results\raw\吴兆临_light_laptop\lightgbm\sample_scale\B_3000_10000\ringnorm_7400rows_20feat_binclass\run_20260615_225115,True
run_20260615_230224,吴兆临,2026-06-15T23:02:24,sylvine_5124rows_20feat_binclass,sylvine,sample_scale,B_3000_10000,lightgbm,binclass,5124,3279,820,4099,1025,20,20,0,2,talent_numeric_plus_ordinal_categorical,cpu,,42,0.944390243902439,0.9444120827241717,0.9443646138947056,True,0.9745491409860604,0.9842763662701072,0.8093569642324222,0.1749194020376848,0.1975261999996291,0.0044847999997728,0.2312626000002637,4.375414633924687e-06,145.81640625,415033.54998047807,True,,,吴兆临_light_laptop,吴兆临,light_laptop,D:\Codex项目\人工智能2大作业\results\raw\吴兆临_light_laptop\lightgbm\sample_scale\B_3000_10000\sylvine_5124rows_20feat_binclass\run_20260615_230224\metrics.csv,D:\Codex项目\人工智能2大作业\results\raw\吴兆临_light_laptop\lightgbm\sample_scale\B_3000_10000\sylvine_5124rows_20feat_binclass\run_20260615_230224,True
run_20260616_131132,吴兆临,2026-06-16T13:11:32,default_of_credit_card_clients_30000rows_23feat_binclass,default_of_credit_card_clients_30000rows_23feat_binclass,sample_scale,C_10000_30000,lightgbm,binclass,30000,19200,4800,24000,6000,23,14,9,2,talent_numeric_plus_ordinal_categorical,cpu,,42,0.8245,0.6661019523885471,0.6922778844674413,True,0.8273665187672101,0.8440361100163896,0.7490526840951384,0.0949834259212512,0.2641241000001173,0.030894100000296,0.4195650999990903,5.149016666716003e-06,164.59765625,2089926.667046872,True,,,吴兆临_light_laptop,吴兆临,light_laptop,D:\Codex项目\人工智能2大作业\results\raw\吴兆临_light_laptop\lightgbm\sample_scale\C_10000_30000\default_of_credit_card_clients_30000rows_23feat_binclass\run_20260616_131132\metrics.csv,D:\Codex项目\人工智能2大作业\results\raw\吴兆临_light_laptop\lightgbm\sample_scale\C_10000_30000\default_of_credit_card_clients_30000rows_23feat_binclass\run_20260616_131132,True
run_20260616_134748,吴兆临,2026-06-16T13:47:48,jm1_10885rows_21feat_binclass,jm1,sample_scale,C_10000_30000,lightgbm,binclass,10885,6966,1742,8708,2177,21,21,0,2,talent_numeric_plus_ordinal_categorical,cpu,,42,0.8130454754248967,0.5915686428343406,0.6071743825128472,True,0.8345258062793538,0.8508585327884401,0.7634965042619514,0.0873620285264887,0.5095521999974153,0.0298183999984757,0.6375422999990406,1.3697014239079374e-05,153.23046875,358879.8164367215,True,,,吴兆临_light_laptop,吴兆临,light_laptop,D:\Codex项目\人工智能2大作业\results\raw\吴兆临_light_laptop\lightgbm\sample_scale\C_10000_30000\jm1_10885rows_21feat_binclass\run_20260616_134748\metrics.csv,D:\Codex项目\人工智能2大作业\results\raw\吴兆临_light_laptop\lightgbm\sample_scale\C_10000_30000\jm1_10885rows_21feat_binclass\run_20260616_134748,True
run_20260615_211651,吴兆临,2026-06-15T21:16:51,mfeat-morphological_2000rows_6feat_multiclass,mfeat-morphological,feature_scale,F1_6_20,tabicl,multiclass,2000,1280,320,1600,400,6,6,0,10,talent_numeric_plus_ordinal_categorical,cpu,D:\Codex项目\人工智能2大作业\.local_models\tabicl\tabicl-classifier-v2-20260212.ckpt,42,0.775,0.775,0.7680489426622548,True,0.782357820123434,0.834780119311425,0.6017921229203542,0.2329879963910708,0.3913005000000567,8.585641900000041,20.80061569999998,0.0214641047500001,1164.5390625,24533.574580146484,True,,,吴兆临_light_laptop,吴兆临,light_laptop,D:\Codex项目\人工智能2大作业\results\raw\吴兆临_light_laptop\tabicl\feature_scale\F1_6_20\mfeat-morphological_2000rows_6feat_multiclass\run_20260615_211651\metrics.csv,D:\Codex项目\人工智能2大作业\results\raw\吴兆临_light_laptop\tabicl\feature_scale\F1_6_20\mfeat-morphological_2000rows_6feat_multiclass\run_20260615_211651,True
run_20260615_211843,吴兆临,2026-06-15T21:18:43,mfeat-fourier_2000rows_76feat_multiclass,mfeat-fourier,feature_scale,F2_20_100,tabicl,multiclass,2000,1280,320,1600,400,76,76,0,10,talent_numeric_plus_ordinal_categorical,cpu,D:\Codex项目\人工智能2大作业\.local_models\tabicl\tabicl-classifier-v2-20260212.ckpt,42,0.9225,0.9225,0.9222297786874092,True,0.9158495143055916,0.9384591584283162,0.6467218149092889,0.2917373435190272,0.6944019000000026,20.563982500000066,43.23478179999995,0.0514099562500001,5505.3515625,175114.72822870954,True,,,吴兆临_light_laptop,吴兆临,light_laptop,D:\Codex项目\人工智能2大作业\results\raw\吴兆临_light_laptop\tabicl\feature_scale\F2_20_100\mfeat-fourier_2000rows_76feat_multiclass\run_20260615_211843\metrics.csv,D:\Codex项目\人工智能2大作业\results\raw\吴兆临_light_laptop\tabicl\feature_scale\F2_20_100\mfeat-fourier_2000rows_76feat_multiclass\run_20260615_211843,True
run_20260615_212444,吴兆临,2026-06-15T21:24:44,mfeat-karhunen_2000rows_64feat_multiclass,mfeat-karhunen,feature_scale,F2_20_100,tabicl,multiclass,2000,1280,320,1600,400,64,64,0,10,talent_numeric_plus_ordinal_categorical,cpu,D:\Codex项目\人工智能2大作业\.local_models\tabicl\tabicl-classifier-v2-20260212.ckpt,42,0.975,0.975,0.975015727207024,True,0.9866094858199358,0.9945728979049584,0.6760364145040512,0.3185364834009073,0.5927272000001267,18.522519599999896,38.5946113,0.0463062989999997,4671.26171875,172760.75739392103,True,,,吴兆临_light_laptop,吴兆临,light_laptop,D:\Codex项目\人工智能2大作业\results\raw\吴兆临_light_laptop\tabicl\feature_scale\F2_20_100\mfeat-karhunen_2000rows_64feat_multiclass\run_20260615_212444\metrics.csv,D:\Codex项目\人工智能2大作业\results\raw\吴兆临_light_laptop\tabicl\feature_scale\F2_20_100\mfeat-karhunen_2000rows_64feat_multiclass\run_20260615_212444,True
run_20260615_212956,吴兆临,2026-06-15T21:29:56,mfeat-zernike_2000rows_47feat_multiclass,mfeat-zernike,feature_scale,F2_20_100,tabicl,multiclass,2000,1280,320,1600,400,47,47,0,10,talent_numeric_plus_ordinal_categorical,cpu,D:\Codex项目\人工智能2大作业\.local_models\tabicl\tabicl-classifier-v2-20260212.ckpt,42,0.8925,0.8925000000000001,0.8913521741273422,True,0.8809297744184732,0.9220417642793736,0.5396046492942544,0.3824371149851191,0.5712807999998404,15.636175900000126,32.766751299999896,0.0390904397500003,3583.88671875,131634.04056292636,True,,,吴兆临_light_laptop,吴兆临,light_laptop,D:\Codex项目\人工智能2大作业\results\raw\吴兆临_light_laptop\tabicl\feature_scale\F2_20_100\mfeat-zernike_2000rows_47feat_multiclass\run_20260615_212956\metrics.csv,D:\Codex项目\人工智能2大作业\results\raw\吴兆临_light_laptop\tabicl\feature_scale\F2_20_100\mfeat-zernike_2000rows_47feat_multiclass\run_20260615_212956,True
run_20260615_213352,吴兆临,2026-06-15T21:33:52,mfeat-factors_2000rows_216feat_multiclass,mfeat-factors,feature_scale,F3_100_300,tabicl,multiclass,2000,1280,320,1600,400,216,216,0,10,talent_numeric_plus_ordinal_categorical,cpu,D:\Codex项目\人工智能2大作业\.local_models\tabicl\tabicl-classifier-v2-20260212.ckpt,42,0.9825,0.9825,0.9824984372558212,True,0.9924362693727016,0.9949570272411704,0.8509137204715184,0.1440433067696521,1.354704399999946,143.8326715999999,280.6946938999997,0.3595816789999997,12378.3203125,255111.00428994972,True,,,吴兆临_light_laptop,吴兆临,light_laptop,D:\Codex项目\人工智能2大作业\results\raw\吴兆临_light_laptop\tabicl\feature_scale\F3_100_300\mfeat-factors_2000rows_216feat_multiclass\run_20260615_213352\metrics.csv,D:\Codex项目\人工智能2大作业\results\raw\吴兆临_light_laptop\tabicl\feature_scale\F3_100_300\mfeat-factors_2000rows_216feat_multiclass\run_20260615_213352,True
run_20260615_215405,吴兆临,2026-06-15T21:54:05,mfeat-pixel_2000rows_240feat_multiclass,mfeat-pixel,feature_scale,F3_100_300,tabicl,multiclass,2000,1280,320,1600,400,240,0,240,10,talent_numeric_plus_ordinal_categorical,cpu,D:\Codex项目\人工智能2大作业\.local_models\tabicl\tabicl-classifier-v2-20260212.ckpt,42,0.975,0.975,0.97494801061037,True,0.988167512267828,0.9948017643812376,0.7294316798448562,0.2653700845363813,1.7260589000002255,186.401167,368.9731689999999,0.4660029174999999,12458.09765625,222472.1300066584,True,,,吴兆临_light_laptop,吴兆临,light_laptop,D:\Codex项目\人工智能2大作业\results\raw\吴兆临_light_laptop\tabicl\feature_scale\F3_100_300\mfeat-pixel_2000rows_240feat_multiclass\run_20260615_215405\metrics.csv,D:\Codex项目\人工智能2大作业\results\raw\吴兆临_light_laptop\tabicl\feature_scale\F3_100_300\mfeat-pixel_2000rows_240feat_multiclass\run_20260615_215405,True
run_20260615_221949,吴兆临,2026-06-15T22:19:49,kc1_2109rows_21feat_binclass,kc1,sample_scale,A_1000_3000,tabicl,binclass,2109,1349,338,1687,422,21,21,0,2,talent_numeric_plus_ordinal_categorical,cpu,D:\Codex项目\人工智能2大作业\.local_models\tabicl\tabicl-classifier-v2-20260212.ckpt,42,0.8767772511848341,0.6692092221503987,0.7050537634408602,True,0.883091895783682,0.905985766327059,0.7201932015327307,0.1857925647943282,1.0855636999995113,21.15180859999964,45.79161629999999,0.0501227691943119,2318.41015625,32634.6579201349,True,,,吴兆临_light_laptop,吴兆临,light_laptop,D:\Codex项目\人工智能2大作业\results\raw\吴兆临_light_laptop\tabicl\sample_scale\A_1000_3000\kc1_2109rows_21feat_binclass\run_20260615_221949\metrics.csv,D:\Codex项目\人工智能2大作业\results\raw\吴兆临_light_laptop\tabicl\sample_scale\A_1000_3000\kc1_2109rows_21feat_binclass\run_20260615_221949,True
run_20260615_222411,吴兆临,2026-06-15T22:24:11,pc1_1109rows_21feat_binclass,pc1,sample_scale,A_1000_3000,tabicl,binclass,1109,709,178,887,222,21,21,0,2,talent_numeric_plus_ordinal_categorical,cpu,D:\Codex项目\人工智能2大作业\.local_models\tabicl\tabicl-classifier-v2-20260212.ckpt,42,0.945945945945946,0.6618357487922705,0.7130547177940543,True,0.9484370885131596,0.959118032739276,0.7615205645561218,0.1975974681831541,0.4165981000005558,4.569094099999347,10.914076999999452,0.020581504954952,1333.48828125,44712.15783263329,True,,,吴兆临_light_laptop,吴兆临,light_laptop,D:\Codex项目\人工智能2大作业\results\raw\吴兆临_light_laptop\tabicl\sample_scale\A_1000_3000\pc1_1109rows_21feat_binclass\run_20260615_222411\metrics.csv,D:\Codex项目\人工智能2大作业\results\raw\吴兆临_light_laptop\tabicl\sample_scale\A_1000_3000\pc1_1109rows_21feat_binclass\run_20260615_222411,True
run_20260615_222514,吴兆临,2026-06-15T22:25:14,ringnorm_7400rows_20feat_binclass,ringnorm,sample_scale,B_3000_10000,tabicl,binclass,7400,4736,1184,5920,1480,20,20,0,2,talent_numeric_plus_ordinal_categorical,cpu,D:\Codex项目\人工智能2大作业\.local_models\tabicl\tabicl-classifier-v2-20260212.ckpt,42,0.9797297297297296,0.979651210572166,0.979723471999211,True,0.9819156711971436,0.9857414329051972,0.797003855307897,0.1887375775973001,0.477540300000328,62.34819609999977,152.75088380000034,0.0421271595270268,6212.578125,247937.18980349653,True,,,吴兆临_light_laptop,吴兆临,light_laptop,D:\Codex项目\人工智能2大作业\results\raw\吴兆临_light_laptop\tabicl\sample_scale\B_3000_10000\ringnorm_7400rows_20feat_binclass\run_20260615_222514\metrics.csv,D:\Codex项目\人工智能2大作业\results\raw\吴兆临_light_laptop\tabicl\sample_scale\B_3000_10000\ringnorm_7400rows_20feat_binclass\run_20260615_222514,True
run_20260615_225118,吴兆临,2026-06-15T22:51:18,sylvine_5124rows_20feat_binclass,sylvine,sample_scale,B_3000_10000,tabicl,binclass,5124,3279,820,4099,1025,20,20,0,2,talent_numeric_plus_ordinal_categorical,cpu,D:\Codex项目\人工智能2大作业\.local_models\tabicl\tabicl-classifier-v2-20260212.ckpt,42,0.9795121951219512,0.9795150310672516,0.9795121171193036,True,0.9791481865906134,0.984005095593008,0.7469416799999419,0.2370634155930659,0.4756009999991875,66.86942670000008,135.43244959999993,0.0652384650731708,4355.70703125,172371.37852977612,True,,,吴兆临_light_laptop,吴兆临,light_laptop,D:\Codex项目\人工智能2大作业\results\raw\吴兆临_light_laptop\tabicl\sample_scale\B_3000_10000\sylvine_5124rows_20feat_binclass\run_20260615_225118\metrics.csv,D:\Codex项目\人工智能2大作业\results\raw\吴兆临_light_laptop\tabicl\sample_scale\B_3000_10000\sylvine_5124rows_20feat_binclass\run_20260615_225118,True
run_20260616_092050,吴兆临,2026-06-16T09:20:50,default_of_credit_card_clients_30000rows_23feat_binclass,default_of_credit_card_clients_30000rows_23feat_binclass,sample_scale,C_10000_30000,tabicl,binclass,30000,19200,4800,24000,6000,23,14,9,2,talent_numeric_plus_ordinal_categorical,cpu,D:\Codex项目\人工智能2大作业\.local_models\tabicl\tabicl-classifier-v2-20260212.ckpt,42,0.827,0.6685162933951249,0.6956106349773291,True,0.8379436316986879,0.8551297942653197,0.7557878141113789,0.0993419801539408,1.0916971999999987,1213.9434792000002,2264.9380764,0.2023239132,12239.73828125,505634.7126291069,True,,,吴兆临_light_laptop,吴兆临,light_laptop,D:\Codex项目\人工智能2大作业\results\raw\吴兆临_light_laptop\tabicl\sample_scale\C_10000_30000\default_of_credit_card_clients_30000rows_23feat_binclass\run_20260616_092050\metrics.csv,D:\Codex项目\人工智能2大作业\results\raw\吴兆临_light_laptop\tabicl\sample_scale\C_10000_30000\default_of_credit_card_clients_30000rows_23feat_binclass\run_20260616_092050,True
run_20260616_131145,吴兆临,2026-06-16T13:11:45,jm1_10885rows_21feat_binclass,jm1,sample_scale,C_10000_30000,tabicl,binclass,10885,6966,1742,8708,2177,21,21,0,2,talent_numeric_plus_ordinal_categorical,cpu,D:\Codex项目\人工智能2大作业\.local_models\tabicl\tabicl-classifier-v2-20260212.ckpt,42,0.8259072117593018,0.6004442183974592,0.6202892414602437,True,0.8423219512075145,0.8606759533534724,0.7552494027683792,0.1054265505850932,0.6747799000004306,123.67863099999886,249.7142066999986,0.0568114979329347,9877.578125,271003.92290861555,True,,,吴兆临_light_laptop,吴兆临,light_laptop,D:\Codex项目\人工智能2大作业\results\raw\吴兆临_light_laptop\tabicl\sample_scale\C_10000_30000\jm1_10885rows_21feat_binclass\run_20260616_131145\metrics.csv,D:\Codex项目\人工智能2大作业\results\raw\吴兆临_light_laptop\tabicl\sample_scale\C_10000_30000\jm1_10885rows_21feat_binclass\run_20260616_131145,True
run_20260615_211728,吴兆临,2026-06-15T21:17:28,mfeat-morphological_2000rows_6feat_multiclass,mfeat-morphological,feature_scale,F1_6_20,tabpfn,multiclass,2000,1280,320,1600,400,6,6,0,10,talent_numeric_plus_ordinal_categorical,cpu,D:\Codex项目\人工智能2大作业\.local_models\tabpfn\tabpfn-v2-classifier-finetuned-zk73skhh.ckpt,42,0.775,0.775,0.7687797147562592,True,0.7782744949311018,0.8292509016490752,0.602689094013638,0.2265618076354372,0.2921065000000453,14.781848099999934,39.665949299999966,0.0369546202499998,738.8359375,32864.72570791307,True,,,吴兆临_light_laptop,吴兆临,light_laptop,D:\Codex项目\人工智能2大作业\results\raw\吴兆临_light_laptop\tabpfn\feature_scale\F1_6_20\mfeat-morphological_2000rows_6feat_multiclass\run_20260615_211728\metrics.csv,D:\Codex项目\人工智能2大作业\results\raw\吴兆临_light_laptop\tabpfn\feature_scale\F1_6_20\mfeat-morphological_2000rows_6feat_multiclass\run_20260615_211728,True
run_20260615_211928,吴兆临,2026-06-15T21:19:28,mfeat-fourier_2000rows_76feat_multiclass,mfeat-fourier,feature_scale,F2_20_100,tabpfn,multiclass,2000,1280,320,1600,400,76,76,0,10,talent_numeric_plus_ordinal_categorical,cpu,D:\Codex项目\人工智能2大作业\.local_models\tabpfn\tabpfn-v2-classifier-finetuned-zk73skhh.ckpt,42,0.9175,0.9175,0.9168920510383926,True,0.8851524672657252,0.911285573276577,0.5945206519329187,0.3167649213436583,0.4556025000000545,150.4539125,305.53403289999994,0.37613478125,3103.125,266899.3256182427,True,,,吴兆临_light_laptop,吴兆临,light_laptop,D:\Codex项目\人工智能2大作业\results\raw\吴兆临_light_laptop\tabpfn\feature_scale\F2_20_100\mfeat-fourier_2000rows_76feat_multiclass\run_20260615_211928\metrics.csv,D:\Codex项目\人工智能2大作业\results\raw\吴兆临_light_laptop\tabpfn\feature_scale\F2_20_100\mfeat-fourier_2000rows_76feat_multiclass\run_20260615_211928,True
run_20260615_212525,吴兆临,2026-06-15T21:25:25,mfeat-karhunen_2000rows_64feat_multiclass,mfeat-karhunen,feature_scale,F2_20_100,tabpfn,multiclass,2000,1280,320,1600,400,64,64,0,10,talent_numeric_plus_ordinal_categorical,cpu,D:\Codex项目\人工智能2大作业\.local_models\tabpfn\tabpfn-v2-classifier-finetuned-zk73skhh.ckpt,42,0.97,0.97,0.969904942969824,True,0.969724178686738,0.9808998309920745,0.608378087480863,0.3725217435112113,0.3647610000000441,132.0280287999999,262.4034065000001,0.3300700719999997,2608.50390625,280731.76682810835,True,,,吴兆临_light_laptop,吴兆临,light_laptop,D:\Codex项目\人工智能2大作业\results\raw\吴兆临_light_laptop\tabpfn\feature_scale\F2_20_100\mfeat-karhunen_2000rows_64feat_multiclass\run_20260615_212525\metrics.csv,D:\Codex项目\人工智能2大作业\results\raw\吴兆临_light_laptop\tabpfn\feature_scale\F2_20_100\mfeat-karhunen_2000rows_64feat_multiclass\run_20260615_212525,True
run_20260615_213031,吴兆临,2026-06-15T21:30:31,mfeat-zernike_2000rows_47feat_multiclass,mfeat-zernike,feature_scale,F2_20_100,tabpfn,multiclass,2000,1280,320,1600,400,47,47,0,10,talent_numeric_plus_ordinal_categorical,cpu,D:\Codex项目\人工智能2大作业\.local_models\tabpfn\tabpfn-v2-classifier-finetuned-zk73skhh.ckpt,42,0.835,0.835,0.8312170725746364,True,0.8712628599256277,0.933793200347238,0.5548214402162668,0.3789717601309712,0.2944091000001663,93.13670379999984,191.35180450000007,0.2328417594999996,2147.5703125,255426.88728017415,True,,,吴兆临_light_laptop,吴兆临,light_laptop,D:\Codex项目\人工智能2大作业\results\raw\吴兆临_light_laptop\tabpfn\feature_scale\F2_20_100\mfeat-zernike_2000rows_47feat_multiclass\run_20260615_213031\metrics.csv,D:\Codex项目\人工智能2大作业\results\raw\吴兆临_light_laptop\tabpfn\feature_scale\F2_20_100\mfeat-zernike_2000rows_47feat_multiclass\run_20260615_213031,True
run_20260615_213835,吴兆临,2026-06-15T21:38:35,mfeat-factors_2000rows_216feat_multiclass,mfeat-factors,feature_scale,F3_100_300,tabpfn,multiclass,2000,1280,320,1600,400,216,216,0,10,talent_numeric_plus_ordinal_categorical,cpu,D:\Codex项目\人工智能2大作业\.local_models\tabpfn\tabpfn-v2-classifier-finetuned-zk73skhh.ckpt,42,0.975,0.975,0.9749268786721188,True,0.9800776574015616,0.9880235720903444,0.670186984539032,0.3178365875513125,1.7775433000001613,456.5369649999998,916.2249765,1.1413424124999991,2153.421875,194425.64352720333,True,,,吴兆临_light_laptop,吴兆临,light_laptop,D:\Codex项目\人工智能2大作业\results\raw\吴兆临_light_laptop\tabpfn\feature_scale\F3_100_300\mfeat-factors_2000rows_216feat_multiclass\run_20260615_213835\metrics.csv,D:\Codex项目\人工智能2大作业\results\raw\吴兆临_light_laptop\tabpfn\feature_scale\F3_100_300\mfeat-factors_2000rows_216feat_multiclass\run_20260615_213835,True
run_20260615_220018,吴兆临,2026-06-15T22:00:18,mfeat-pixel_2000rows_240feat_multiclass,mfeat-pixel,feature_scale,F3_100_300,tabpfn,multiclass,2000,1280,320,1600,400,240,0,240,10,talent_numeric_plus_ordinal_categorical,cpu,D:\Codex项目\人工智能2大作业\.local_models\tabpfn\tabpfn-v2-classifier-finetuned-zk73skhh.ckpt,42,0.965,0.965,0.9649345702812456,True,0.9603664268180728,0.9746769078346114,0.5658060216477939,0.4088708861868174,1.562912200000028,496.6163345,1156.0608098000002,1.24154083625,2282.0859375,245695.18364498857,True,,,吴兆临_light_laptop,吴兆临,light_laptop,D:\Codex项目\人工智能2大作业\results\raw\吴兆临_light_laptop\tabpfn\feature_scale\F3_100_300\mfeat-pixel_2000rows_240feat_multiclass\run_20260615_220018\metrics.csv,D:\Codex项目\人工智能2大作业\results\raw\吴兆临_light_laptop\tabpfn\feature_scale\F3_100_300\mfeat-pixel_2000rows_240feat_multiclass\run_20260615_220018,True
run_20260615_222037,吴兆临,2026-06-15T22:20:37,kc1_2109rows_21feat_binclass,kc1,sample_scale,A_1000_3000,tabpfn,binclass,2109,1349,338,1687,422,21,21,0,2,talent_numeric_plus_ordinal_categorical,cpu,D:\Codex项目\人工智能2大作业\.local_models\tabpfn\tabpfn-v2-classifier-finetuned-zk73skhh.ckpt,42,0.8767772511848341,0.6440422322775263,0.6828168362627197,True,0.8827220934544694,0.9015424726782618,0.7488078566697928,0.152734616008469,0.578823800000464,100.6530354000006,208.73477079999972,0.238514301895736,1349.1875,61205.15431461457,True,,,吴兆临_light_laptop,吴兆临,light_laptop,D:\Codex项目\人工智能2大作业\results\raw\吴兆临_light_laptop\tabpfn\sample_scale\A_1000_3000\kc1_2109rows_21feat_binclass\run_20260615_222037\metrics.csv,D:\Codex项目\人工智能2大作业\results\raw\吴兆临_light_laptop\tabpfn\sample_scale\A_1000_3000\kc1_2109rows_21feat_binclass\run_20260615_222037,True
run_20260615_222424,吴兆临,2026-06-15T22:24:24,pc1_1109rows_21feat_binclass,pc1,sample_scale,A_1000_3000,tabpfn,binclass,1109,709,178,887,222,21,21,0,2,talent_numeric_plus_ordinal_categorical,cpu,D:\Codex项目\人工智能2大作业\.local_models\tabpfn\tabpfn-v2-classifier-finetuned-zk73skhh.ckpt,42,0.9594594594594594,0.7309178743961353,0.7936589899824436,True,0.9485235109522536,0.9533642250607272,0.8339599437183804,0.1194042813423467,0.1767596999998204,20.89639509999961,46.07572839999921,0.0941279058558541,1026.18359375,105380.35536391452,True,,,吴兆临_light_laptop,吴兆临,light_laptop,D:\Codex项目\人工智能2大作业\results\raw\吴兆临_light_laptop\tabpfn\sample_scale\A_1000_3000\pc1_1109rows_21feat_binclass\run_20260615_222424\metrics.csv,D:\Codex项目\人工智能2大作业\results\raw\吴兆临_light_laptop\tabpfn\sample_scale\A_1000_3000\pc1_1109rows_21feat_binclass\run_20260615_222424,True
run_20260615_222750,吴兆临,2026-06-15T22:27:50,ringnorm_7400rows_20feat_binclass,ringnorm,sample_scale,B_3000_10000,tabpfn,binclass,7400,4736,1184,5920,1480,20,20,0,2,talent_numeric_plus_ordinal_categorical,cpu,D:\Codex项目\人工智能2大作业\.local_models\tabpfn\tabpfn-v2-classifier-finetuned-zk73skhh.ckpt,42,0.9817567567567568,0.981748732081578,0.9817548826007054,True,0.956745159907921,0.9608120564666192,0.7378858747305693,0.2229261817360498,0.9837404999998398,667.5657732,1399.7327766999997,0.4510579548648648,2968.671875,120356.94372654098,True,,,吴兆临_light_laptop,吴兆临,light_laptop,D:\Codex项目\人工智能2大作业\results\raw\吴兆临_light_laptop\tabpfn\sample_scale\B_3000_10000\ringnorm_7400rows_20feat_binclass\run_20260615_222750\metrics.csv,D:\Codex项目\人工智能2大作业\results\raw\吴兆临_light_laptop\tabpfn\sample_scale\B_3000_10000\ringnorm_7400rows_20feat_binclass\run_20260615_222750,True
run_20260615_225336,吴兆临,2026-06-15T22:53:36,sylvine_5124rows_20feat_binclass,sylvine,sample_scale,B_3000_10000,tabpfn,binclass,5124,3279,820,4099,1025,20,20,0,2,talent_numeric_plus_ordinal_categorical,cpu,D:\Codex项目\人工智能2大作业\.local_models\tabpfn\tabpfn-v2-classifier-finetuned-zk73skhh.ckpt,42,0.977560975609756,0.9775676169590644,0.9775602067030972,True,0.9751991598780564,0.9807741637239435,0.7323229053746099,0.2484512583493338,0.8572069000001648,331.4456680000003,525.6727553000001,0.3233616273170734,2281.57421875,95636.1877161561,True,,,吴兆临_light_laptop,吴兆临,light_laptop,D:\Codex项目\人工智能2大作业\results\raw\吴兆临_light_laptop\tabpfn\sample_scale\B_3000_10000\sylvine_5124rows_20feat_binclass\run_20260615_225336\metrics.csv,D:\Codex项目\人工智能2大作业\results\raw\吴兆临_light_laptop\tabpfn\sample_scale\B_3000_10000\sylvine_5124rows_20feat_binclass\run_20260615_225336,True
run_20260616_095847,吴兆临,2026-06-16T09:58:47,default_of_credit_card_clients_30000rows_23feat_binclass,default_of_credit_card_clients_30000rows_23feat_binclass,sample_scale,C_10000_30000,tabpfn,binclass,30000,19200,4800,24000,6000,23,14,9,2,talent_numeric_plus_ordinal_categorical,cpu,D:\Codex项目\人工智能2大作业\.local_models\tabpfn\tabpfn-v2-classifier-finetuned-zk73skhh.ckpt,42,0.8258333333333333,0.6691162703990972,0.695547934812297,True,0.8413193130195141,0.8566452594626203,0.768649394717513,0.0879958647451072,1.4222481000001608,5798.165004999999,11553.723023400002,0.9663608341666664,4935.4921875,388117.938072786,True,,,吴兆临_light_laptop,吴兆临,light_laptop,D:\Codex项目\人工智能2大作业\results\raw\吴兆临_light_laptop\tabpfn\sample_scale\C_10000_30000\default_of_credit_card_clients_30000rows_23feat_binclass\run_20260616_095847\metrics.csv,D:\Codex项目\人工智能2大作业\results\raw\吴兆临_light_laptop\tabpfn\sample_scale\C_10000_30000\default_of_credit_card_clients_30000rows_23feat_binclass\run_20260616_095847,True
run_20260616_131559,吴兆临,2026-06-16T13:15:59,jm1_10885rows_21feat_binclass,jm1,sample_scale,C_10000_30000,tabpfn,binclass,10885,6966,1742,8708,2177,21,21,0,2,talent_numeric_plus_ordinal_categorical,cpu,D:\Codex项目\人工智能2大作业\.local_models\tabpfn\tabpfn-v2-classifier-finetuned-zk73skhh.ckpt,42,0.8158015617822691,0.564383937798603,0.5699648228853706,True,0.8335825676046275,0.8495890545482571,0.7626909945076541,0.0868980600406029,1.0153657999999268,959.1355533000004,1894.7599477999995,0.4405767355535142,1632.96875,180100.6100461658,True,,,吴兆临_light_laptop,吴兆临,light_laptop,D:\Codex项目\人工智能2大作业\results\raw\吴兆临_light_laptop\tabpfn\sample_scale\C_10000_30000\jm1_10885rows_21feat_binclass\run_20260616_131559\metrics.csv,D:\Codex项目\人工智能2大作业\results\raw\吴兆临_light_laptop\tabpfn\sample_scale\C_10000_30000\jm1_10885rows_21feat_binclass\run_20260616_131559,True
run_20260615_211841,吴兆临,2026-06-15T21:18:41,mfeat-morphological_2000rows_6feat_multiclass,mfeat-morphological,feature_scale,F1_6_20,xgboost,multiclass,2000,1280,320,1600,400,6,6,0,10,talent_numeric_plus_ordinal_categorical,cpu,,42,0.7075,0.7074999999999999,0.7062965688611368,True,0.8524953418970108,0.9059509253754632,0.7231967938251984,0.1827541315502648,0.9303188999999747,0.0077302000000827,1.0295806999999968,1.932550000020683e-05,170.4375,10319.04221229974,True,,,吴兆临_light_laptop,吴兆临,light_laptop,D:\Codex项目\人工智能2大作业\results\raw\吴兆临_light_laptop\xgboost\feature_scale\F1_6_20\mfeat-morphological_2000rows_6feat_multiclass\run_20260615_211841\metrics.csv,D:\Codex项目\人工智能2大作业\results\raw\吴兆临_light_laptop\xgboost\feature_scale\F1_6_20\mfeat-morphological_2000rows_6feat_multiclass\run_20260615_211841,True
run_20260615_212439,吴兆临,2026-06-15T21:24:39,mfeat-fourier_2000rows_76feat_multiclass,mfeat-fourier,feature_scale,F2_20_100,xgboost,multiclass,2000,1280,320,1600,400,76,76,0,10,talent_numeric_plus_ordinal_categorical,cpu,,42,0.8725,0.8724999999999999,0.8717696041432792,True,0.9043641747534276,0.9345063423700524,0.6980971845926023,0.23640915777745,4.194184499999892,0.0092798999999104,4.241232299999865,2.3199749999776032e-05,190.671875,28992.52524537324,True,,,吴兆临_light_laptop,吴兆临,light_laptop,D:\Codex项目\人工智能2大作业\results\raw\吴兆临_light_laptop\xgboost\feature_scale\F2_20_100\mfeat-fourier_2000rows_76feat_multiclass\run_20260615_212439\metrics.csv,D:\Codex项目\人工智能2大作业\results\raw\吴兆临_light_laptop\xgboost\feature_scale\F2_20_100\mfeat-fourier_2000rows_76feat_multiclass\run_20260615_212439,True
run_20260615_212952,吴兆临,2026-06-15T21:29:52,mfeat-karhunen_2000rows_64feat_multiclass,mfeat-karhunen,feature_scale,F2_20_100,xgboost,multiclass,2000,1280,320,1600,400,64,64,0,10,talent_numeric_plus_ordinal_categorical,cpu,,42,0.935,0.9350000000000002,0.934208806771144,True,0.9343127755820752,0.9528553043616648,0.6675856308295176,0.285269673532147,3.0177040000000943,0.0058667999999215,3.0555502999998225,1.466699999980392e-05,185.421875,33933.08290011108,True,,,吴兆临_light_laptop,吴兆临,light_laptop,D:\Codex项目\人工智能2大作业\results\raw\吴兆临_light_laptop\xgboost\feature_scale\F2_20_100\mfeat-karhunen_2000rows_64feat_multiclass\run_20260615_212952\metrics.csv,D:\Codex项目\人工智能2大作业\results\raw\吴兆临_light_laptop\xgboost\feature_scale\F2_20_100\mfeat-karhunen_2000rows_64feat_multiclass\run_20260615_212952,True
run_20260615_213347,吴兆临,2026-06-15T21:33:47,mfeat-zernike_2000rows_47feat_multiclass,mfeat-zernike,feature_scale,F2_20_100,xgboost,multiclass,2000,1280,320,1600,400,47,47,0,10,talent_numeric_plus_ordinal_categorical,cpu,,42,0.7875,0.7875,0.7902087378501466,True,0.8825401033461094,0.9140838407334828,0.7656427236164317,0.148441117117051,2.9917317999997977,0.0068708999999671,3.029198899999983,1.7177249999917877e-05,177.01171875,25135.943001309504,True,,,吴兆临_light_laptop,吴兆临,light_laptop,D:\Codex项目\人工智能2大作业\results\raw\吴兆临_light_laptop\xgboost\feature_scale\F2_20_100\mfeat-zernike_2000rows_47feat_multiclass\run_20260615_213347\metrics.csv,D:\Codex项目\人工智能2大作业\results\raw\吴兆临_light_laptop\xgboost\feature_scale\F2_20_100\mfeat-zernike_2000rows_47feat_multiclass\run_20260615_213347,True
run_20260615_215359,吴兆临,2026-06-15T21:53:59,mfeat-factors_2000rows_216feat_multiclass,mfeat-factors,feature_scale,F3_100_300,xgboost,multiclass,2000,1280,320,1600,400,216,216,0,10,talent_numeric_plus_ordinal_categorical,cpu,,42,0.9675,0.9675,0.9675739107525873,True,0.9697432715445756,0.9790527179105646,0.6926082143416772,0.2864445035688874,4.703907799999797,0.0070546000001741,4.771614300000238,1.7636500000435263e-05,194.78125,73470.82780832033,True,,,吴兆临_light_laptop,吴兆临,light_laptop,D:\Codex项目\人工智能2大作业\results\raw\吴兆临_light_laptop\xgboost\feature_scale\F3_100_300\mfeat-factors_2000rows_216feat_multiclass\run_20260615_215359\metrics.csv,D:\Codex项目\人工智能2大作业\results\raw\吴兆临_light_laptop\xgboost\feature_scale\F3_100_300\mfeat-factors_2000rows_216feat_multiclass\run_20260615_215359,True
run_20260615_221943,吴兆临,2026-06-15T22:19:43,mfeat-pixel_2000rows_240feat_multiclass,mfeat-pixel,feature_scale,F3_100_300,xgboost,multiclass,2000,1280,320,1600,400,240,0,240,10,talent_numeric_plus_ordinal_categorical,cpu,,42,0.96,0.96,0.9601860176860176,True,0.9587739767879248,0.9740595965801429,0.5919191017746925,0.3821404948054502,4.005312299999787,0.0093462999993789,4.175356300000203,2.3365749998447428e-05,175.734375,95872.6738986172,True,,,吴兆临_light_laptop,吴兆临,light_laptop,D:\Codex项目\人工智能2大作业\results\raw\吴兆临_light_laptop\xgboost\feature_scale\F3_100_300\mfeat-pixel_2000rows_240feat_multiclass\run_20260615_221943\metrics.csv,D:\Codex项目\人工智能2大作业\results\raw\吴兆临_light_laptop\xgboost\feature_scale\F3_100_300\mfeat-pixel_2000rows_240feat_multiclass\run_20260615_221943,True
run_20260615_222410,吴兆临,2026-06-15T22:24:10,kc1_2109rows_21feat_binclass,kc1,sample_scale,A_1000_3000,xgboost,binclass,2109,1349,338,1687,422,21,21,0,2,talent_numeric_plus_ordinal_categorical,cpu,,42,0.8744075829383886,0.6929756517991812,0.7208263121762466,True,0.8986408275450576,0.9176101161212455,0.7665716297221634,0.1510384863990821,0.123578699999598,0.0012703000002147,0.15214510000078,3.0101895739686603e-06,148.609375,286675.6164299773,True,,,吴兆临_light_laptop,吴兆临,light_laptop,D:\Codex项目\人工智能2大作业\results\raw\吴兆临_light_laptop\xgboost\sample_scale\A_1000_3000\kc1_2109rows_21feat_binclass\run_20260615_222410\metrics.csv,D:\Codex项目\人工智能2大作业\results\raw\吴兆临_light_laptop\xgboost\sample_scale\A_1000_3000\kc1_2109rows_21feat_binclass\run_20260615_222410,True
run_20260615_222513,吴兆临,2026-06-15T22:25:13,pc1_1109rows_21feat_binclass,pc1,sample_scale,A_1000_3000,xgboost,binclass,1109,709,178,887,222,21,21,0,2,talent_numeric_plus_ordinal_categorical,cpu,,42,0.945945945945946,0.7236714975845411,0.7548767022451233,True,0.9662917516789996,0.9738463203112284,0.8340868006149927,0.1397595196962356,0.1165674000003491,0.0017247000005227,0.1429401000004873,7.768918921273498e-06,147.390625,159795.96353649654,True,,,吴兆临_light_laptop,吴兆临,light_laptop,D:\Codex项目\人工智能2大作业\results\raw\吴兆临_light_laptop\xgboost\sample_scale\A_1000_3000\pc1_1109rows_21feat_binclass\run_20260615_222513\metrics.csv,D:\Codex项目\人工智能2大作业\results\raw\吴兆临_light_laptop\xgboost\sample_scale\A_1000_3000\pc1_1109rows_21feat_binclass\run_20260615_222513,True
run_20260615_225117,吴兆临,2026-06-15T22:51:17,ringnorm_7400rows_20feat_binclass,ringnorm,sample_scale,B_3000_10000,xgboost,binclass,7400,4736,1184,5920,1480,20,20,0,2,talent_numeric_plus_ordinal_categorical,cpu,,42,0.9682432432432432,0.9680805988848528,0.9682211762276488,True,0.9506907786066467,0.9582141743867612,0.7213072434384772,0.2369069309482839,0.3115020000004733,0.0019892000000254,0.3477132999996684,1.344054054071249e-06,154.59765625,380093.86777555227,True,,,吴兆临_light_laptop,吴兆临,light_laptop,D:\Codex项目\人工智能2大作业\results\raw\吴兆临_light_laptop\xgboost\sample_scale\B_3000_10000\ringnorm_7400rows_20feat_binclass\run_20260615_225117\metrics.csv,D:\Codex项目\人工智能2大作业\results\raw\吴兆临_light_laptop\xgboost\sample_scale\B_3000_10000\ringnorm_7400rows_20feat_binclass\run_20260615_225117,True
run_20260615_230226,吴兆临,2026-06-15T23:02:26,sylvine_5124rows_20feat_binclass,sylvine,sample_scale,B_3000_10000,xgboost,binclass,5124,3279,820,4099,1025,20,20,0,2,talent_numeric_plus_ordinal_categorical,cpu,,42,0.9434146341463414,0.943431712962963,0.9433990646802548,True,0.9601168487711652,0.9711352852409112,0.7764129165945381,0.1947223686463729,0.2158589999999094,0.0022784000002502,0.2473338999998304,2.222829268536837e-06,151.6953125,379784.9522143362,True,,,吴兆临_light_laptop,吴兆临,light_laptop,D:\Codex项目\人工智能2大作业\results\raw\吴兆临_light_laptop\xgboost\sample_scale\B_3000_10000\sylvine_5124rows_20feat_binclass\run_20260615_230226\metrics.csv,D:\Codex项目\人工智能2大作业\results\raw\吴兆临_light_laptop\xgboost\sample_scale\B_3000_10000\sylvine_5124rows_20feat_binclass\run_20260615_230226,True
run_20260616_131143,吴兆临,2026-06-16T13:11:43,default_of_credit_card_clients_30000rows_23feat_binclass,default_of_credit_card_clients_30000rows_23feat_binclass,sample_scale,C_10000_30000,xgboost,binclass,30000,19200,4800,24000,6000,23,14,9,2,talent_numeric_plus_ordinal_categorical,cpu,,42,0.8223333333333334,0.6614734777266702,0.6871585939627674,True,0.8280391526619594,0.845329383739248,0.7480110099458784,0.0973183737933696,0.3228670999997121,0.0048980000010487,0.4930283000012423,8.16333333508131e-07,170.23046875,1709681.7854792026,True,,,吴兆临_light_laptop,吴兆临,light_laptop,D:\Codex项目\人工智能2大作业\results\raw\吴兆临_light_laptop\xgboost\sample_scale\C_10000_30000\default_of_credit_card_clients_30000rows_23feat_binclass\run_20260616_131143\metrics.csv,D:\Codex项目\人工智能2大作业\results\raw\吴兆临_light_laptop\xgboost\sample_scale\C_10000_30000\default_of_credit_card_clients_30000rows_23feat_binclass\run_20260616_131143,True
run_20260616_134802,吴兆临,2026-06-16T13:48:02,jm1_10885rows_21feat_binclass,jm1,sample_scale,C_10000_30000,xgboost,binclass,10885,6966,1742,8708,2177,21,21,0,2,talent_numeric_plus_ordinal_categorical,cpu,,42,0.8107487367937529,0.577504206818563,0.5890435311711923,True,0.8321812994774734,0.850259869362072,0.7547330571320451,0.0955268122300269,0.3634698999994725,0.0044643000001087,0.4839740999996138,2.050666054252999e-06,157.68359375,503117.3145293885,True,,,吴兆临_light_laptop,吴兆临,light_laptop,D:\Codex项目\人工智能2大作业\results\raw\吴兆临_light_laptop\xgboost\sample_scale\C_10000_30000\jm1_10885rows_21feat_binclass\run_20260616_134802\metrics.csv,D:\Codex项目\人工智能2大作业\results\raw\吴兆临_light_laptop\xgboost\sample_scale\C_10000_30000\jm1_10885rows_21feat_binclass\run_20260616_134802,True
run_20260616_001156,姚怀宇,2026-06-16T00:11:56,mfeat-morphological_2000rows_6feat_multiclass,mfeat-morphological,feature_scale,F1_6_20,lightgbm,multiclass,2000,1280,320,1600,400,6,6,0,10,talent_numeric_plus_ordinal_categorical,cpu,,42,0.71,0.71,0.7107758647139355,True,0.937862858921887,0.9532633861037176,0.9001581199594746,0.0531052661442429,4.121190800040495,0.0528863999643363,4.897087200020906,0.0001322159999108,207.91796875,2329.423816025618,True,,,姚怀宇_light_laptop,姚怀宇,light_laptop,D:\Codex项目\人工智能2大作业\results\raw\姚怀宇_light_laptop\lightgbm\feature_scale\F1_6_20\mfeat-morphological_2000rows_6feat_multiclass\run_20260616_001156\metrics.csv,D:\Codex项目\人工智能2大作业\results\raw\姚怀宇_light_laptop\lightgbm\feature_scale\F1_6_20\mfeat-morphological_2000rows_6feat_multiclass\run_20260616_001156,True
run_20260616_002209,姚怀宇,2026-06-16T00:22:09,mfeat-fourier_2000rows_76feat_multiclass,mfeat-fourier,feature_scale,F2_20_100,lightgbm,multiclass,2000,1280,320,1600,400,76,76,0,10,talent_numeric_plus_ordinal_categorical,cpu,,42,0.8725,0.8724999999999999,0.871777208722768,True,0.9578671175312924,0.9770543206220716,0.8265664532434124,0.1504878673786591,1.6896076000411997,0.0142006000387482,1.9450825999956576,3.550150009687058e-05,204.84375,71969.3732420681,True,,,姚怀宇_light_laptop,姚怀宇,light_laptop,D:\Codex项目\人工智能2大作业\results\raw\姚怀宇_light_laptop\lightgbm\feature_scale\F2_20_100\mfeat-fourier_2000rows_76feat_multiclass\run_20260616_002209\metrics.csv,D:\Codex项目\人工智能2大作业\results\raw\姚怀宇_light_laptop\lightgbm\feature_scale\F2_20_100\mfeat-fourier_2000rows_76feat_multiclass\run_20260616_002209,True
run_20260616_002737,姚怀宇,2026-06-16T00:27:37,mfeat-karhunen_2000rows_64feat_multiclass,mfeat-karhunen,feature_scale,F2_20_100,lightgbm,multiclass,2000,1280,320,1600,400,64,64,0,10,talent_numeric_plus_ordinal_categorical,cpu,,42,0.9475,0.9475,0.94700048315746,True,0.9822483100145428,0.9895534965448438,0.8504070864438692,0.1391464101009746,1.4617672999738716,0.0087988000013865,1.70694350003032,2.1997000003466384e-05,199.69921875,70052.18956658174,True,,,姚怀宇_light_laptop,姚怀宇,light_laptop,D:\Codex项目\人工智能2大作业\results\raw\姚怀宇_light_laptop\lightgbm\feature_scale\F2_20_100\mfeat-karhunen_2000rows_64feat_multiclass\run_20260616_002737\metrics.csv,D:\Codex项目\人工智能2大作业\results\raw\姚怀宇_light_laptop\lightgbm\feature_scale\F2_20_100\mfeat-karhunen_2000rows_64feat_multiclass\run_20260616_002737,True
run_20260616_003146,姚怀宇,2026-06-16T00:31:46,mfeat-zernike_2000rows_47feat_multiclass,mfeat-zernike,feature_scale,F2_20_100,lightgbm,multiclass,2000,1280,320,1600,400,47,47,0,10,talent_numeric_plus_ordinal_categorical,cpu,,42,0.77,0.7699999999999999,0.775125536874906,True,0.9431786429773212,0.9694156698236452,0.8553416400570181,0.1140740297666271,1.4196653999970297,0.0123307000030763,1.6513173000421375,3.082675000769086e-05,221.703125,52970.22805525679,True,,,姚怀宇_light_laptop,姚怀宇,light_laptop,D:\Codex项目\人工智能2大作业\results\raw\姚怀宇_light_laptop\lightgbm\feature_scale\F2_20_100\mfeat-zernike_2000rows_47feat_multiclass\run_20260616_003146\metrics.csv,D:\Codex项目\人工智能2大作业\results\raw\姚怀宇_light_laptop\lightgbm\feature_scale\F2_20_100\mfeat-zernike_2000rows_47feat_multiclass\run_20260616_003146,True
run_20260616_004908,姚怀宇,2026-06-16T00:49:08,mfeat-factors_2000rows_216feat_multiclass,mfeat-factors,feature_scale,F3_100_300,lightgbm,multiclass,2000,1280,320,1600,400,216,216,0,10,talent_numeric_plus_ordinal_categorical,cpu,,42,0.9675,0.9675,0.9673458371384378,True,0.9910067993222624,0.996671159040672,0.8223831677049913,0.1742879913356807,2.0693346000043675,0.0094545999891124,2.3863064000033773,2.3636499972781165e-05,214.99609375,167010.207048812,True,,,姚怀宇_light_laptop,姚怀宇,light_laptop,D:\Codex项目\人工智能2大作业\results\raw\姚怀宇_light_laptop\lightgbm\feature_scale\F3_100_300\mfeat-factors_2000rows_216feat_multiclass\run_20260616_004908\metrics.csv,D:\Codex项目\人工智能2大作业\results\raw\姚怀宇_light_laptop\lightgbm\feature_scale\F3_100_300\mfeat-factors_2000rows_216feat_multiclass\run_20260616_004908,True
run_20260616_010541,姚怀宇,2026-06-16T01:05:41,mfeat-pixel_2000rows_240feat_multiclass,mfeat-pixel,feature_scale,F3_100_300,lightgbm,multiclass,2000,1280,320,1600,400,240,0,240,10,talent_numeric_plus_ordinal_categorical,cpu,,42,0.9625,0.9625,0.9626858067264056,True,0.9859393009465112,0.9947027435789728,0.7610109400466687,0.2336918035323041,1.250074899988249,0.0112849000142887,1.6019642000319436,2.821225003572181e-05,204.7890625,307181.5936817944,True,,,姚怀宇_light_laptop,姚怀宇,light_laptop,D:\Codex项目\人工智能2大作业\results\raw\姚怀宇_light_laptop\lightgbm\feature_scale\F3_100_300\mfeat-pixel_2000rows_240feat_multiclass\run_20260616_010541\metrics.csv,D:\Codex项目\人工智能2大作业\results\raw\姚怀宇_light_laptop\lightgbm\feature_scale\F3_100_300\mfeat-pixel_2000rows_240feat_multiclass\run_20260616_010541,True
run_20260616_010745,姚怀宇,2026-06-16T01:07:45,kc1_2109rows_21feat_binclass,kc1,sample_scale,A_1000_3000,lightgbm,binclass,2109,1349,338,1687,422,21,21,0,2,talent_numeric_plus_ordinal_categorical,cpu,,42,0.8720379146919431,0.7041585865115276,0.726171593366979,True,0.934570844121368,0.9474501545665972,0.8468007284946234,0.1006494260719736,0.1380541999824345,0.0047305999905802,0.3525826999684796,1.1209952584313344e-05,172.6171875,256616.6042359276,True,,,姚怀宇_light_laptop,姚怀宇,light_laptop,D:\Codex项目\人工智能2大作业\results\raw\姚怀宇_light_laptop\lightgbm\sample_scale\A_1000_3000\kc1_2109rows_21feat_binclass\run_20260616_010745\metrics.csv,D:\Codex项目\人工智能2大作业\results\raw\姚怀宇_light_laptop\lightgbm\sample_scale\A_1000_3000\kc1_2109rows_21feat_binclass\run_20260616_010745,True
run_20260616_010846,姚怀宇,2026-06-16T01:08:46,pc1_1109rows_21feat_binclass,pc1,sample_scale,A_1000_3000,lightgbm,binclass,1109,709,178,887,222,21,21,0,2,talent_numeric_plus_ordinal_categorical,cpu,,42,0.9369369369369368,0.6879227053140097,0.7140228192859772,True,0.984333217560516,0.9927568735920388,0.8591817565207481,0.1335751170712907,0.2111191999865695,0.0030779999797232,0.3998630999703891,1.3864864773528133e-05,171.578125,88229.77730677722,True,,,姚怀宇_light_laptop,姚怀宇,light_laptop,D:\Codex项目\人工智能2大作业\results\raw\姚怀宇_light_laptop\lightgbm\sample_scale\A_1000_3000\pc1_1109rows_21feat_binclass\run_20260616_010846\metrics.csv,D:\Codex项目\人工智能2大作业\results\raw\姚怀宇_light_laptop\lightgbm\sample_scale\A_1000_3000\pc1_1109rows_21feat_binclass\run_20260616_010846,True
run_20260616_011944,姚怀宇,2026-06-16T01:19:44,ringnorm_7400rows_20feat_binclass,ringnorm,sample_scale,B_3000_10000,lightgbm,binclass,7400,4736,1184,5920,1480,20,20,0,2,talent_numeric_plus_ordinal_categorical,cpu,,42,0.9743243243243244,0.9742581056376484,0.9743175707271452,True,0.977335668684224,0.9825830948191318,0.7782096558806278,0.2043734389385039,0.1999837000039406,0.0070987000362947,0.428923700004816,4.796418943442405e-06,176.484375,592048.2519208664,True,,,姚怀宇_light_laptop,姚怀宇,light_laptop,D:\Codex项目\人工智能2大作业\results\raw\姚怀宇_light_laptop\lightgbm\sample_scale\B_3000_10000\ringnorm_7400rows_20feat_binclass\run_20260616_011944\metrics.csv,D:\Codex项目\人工智能2大作业\results\raw\姚怀宇_light_laptop\lightgbm\sample_scale\B_3000_10000\ringnorm_7400rows_20feat_binclass\run_20260616_011944,True
run_20260616_012612,姚怀宇,2026-06-16T01:26:12,sylvine_5124rows_20feat_binclass,sylvine,sample_scale,B_3000_10000,lightgbm,binclass,5124,3279,820,4099,1025,20,20,0,2,talent_numeric_plus_ordinal_categorical,cpu,,42,0.944390243902439,0.9444120827241717,0.9443646138947056,True,0.9745491409860604,0.9842763662701072,0.8093569642324222,0.1749194020376848,0.5674393000081182,0.0088729999843053,0.8108372999704443,8.656585350541807e-06,174.7109375,144473.60272513225,True,,,姚怀宇_light_laptop,姚怀宇,light_laptop,D:\Codex项目\人工智能2大作业\results\raw\姚怀宇_light_laptop\lightgbm\sample_scale\B_3000_10000\sylvine_5124rows_20feat_binclass\run_20260616_012612\metrics.csv,D:\Codex项目\人工智能2大作业\results\raw\姚怀宇_light_laptop\lightgbm\sample_scale\B_3000_10000\sylvine_5124rows_20feat_binclass\run_20260616_012612,True
run_20260616_041352,姚怀宇,2026-06-16T04:13:52,default_of_credit_card_clients_30000rows_23feat_binclass,default_of_credit_card_clients_30000rows_23feat_binclass,sample_scale,C_10000_30000,lightgbm,binclass,30000,19200,4800,24000,6000,23,14,9,2,talent_numeric_plus_ordinal_categorical,cpu,,42,0.8245,0.6661019523885471,0.6922778844674413,True,0.8273665187672101,0.8440361100163896,0.7490526840951384,0.0949834259212512,0.2428098999662324,0.0306798000237904,0.7957543000229634,5.1133000039650745e-06,193.640625,2273383.4167254567,True,,,姚怀宇_light_laptop,姚怀宇,light_laptop,D:\Codex项目\人工智能2大作业\results\raw\姚怀宇_light_laptop\lightgbm\sample_scale\C_10000_30000\default_of_credit_card_clients_30000rows_23feat_binclass\run_20260616_041352\metrics.csv,D:\Codex项目\人工智能2大作业\results\raw\姚怀宇_light_laptop\lightgbm\sample_scale\C_10000_30000\default_of_credit_card_clients_30000rows_23feat_binclass\run_20260616_041352,True
run_20260616_043601,姚怀宇,2026-06-16T04:36:01,jm1_10885rows_21feat_binclass,jm1,sample_scale,C_10000_30000,lightgbm,binclass,10885,6966,1742,8708,2177,21,21,0,2,talent_numeric_plus_ordinal_categorical,cpu,,42,0.8130454754248967,0.5915686428343406,0.6071743825128472,True,0.8345258062793538,0.8508585327884401,0.7634965042619514,0.0873620285264887,0.1776784000103362,0.0075726000359281,0.3948949000332504,3.4784566081434035e-06,177.1484375,1029207.8271155184,True,,,姚怀宇_light_laptop,姚怀宇,light_laptop,D:\Codex项目\人工智能2大作业\results\raw\姚怀宇_light_laptop\lightgbm\sample_scale\C_10000_30000\jm1_10885rows_21feat_binclass\run_20260616_043601\metrics.csv,D:\Codex项目\人工智能2大作业\results\raw\姚怀宇_light_laptop\lightgbm\sample_scale\C_10000_30000\jm1_10885rows_21feat_binclass\run_20260616_043601,True
run_20260616_000953,姚怀宇,2026-06-16T00:09:53,mfeat-morphological_2000rows_6feat_multiclass,mfeat-morphological,feature_scale,F1_6_20,tabicl,multiclass,2000,1280,320,1600,400,6,6,0,10,talent_numeric_plus_ordinal_categorical,cpu,D:\_Projects\Tabular-Foundation-Models-Evaluation\.local_models\tabicl\tabicl-classifier-v2-20260212.ckpt,42,0.775,0.775,0.7680489426622548,True,0.7823578575998544,0.8347801635342259,0.6017921371592416,0.2329880263749842,1.2383379000239074,14.0762781999656,35.403120999981184,0.035190695499914,1189.0234375,7752.326727474514,True,,,姚怀宇_light_laptop,姚怀宇,light_laptop,D:\Codex项目\人工智能2大作业\results\raw\姚怀宇_light_laptop\tabicl\feature_scale\F1_6_20\mfeat-morphological_2000rows_6feat_multiclass\run_20260616_000953\metrics.csv,D:\Codex项目\人工智能2大作业\results\raw\姚怀宇_light_laptop\tabicl\feature_scale\F1_6_20\mfeat-morphological_2000rows_6feat_multiclass\run_20260616_000953,True
run_20260616_001218,姚怀宇,2026-06-16T00:12:18,mfeat-fourier_2000rows_76feat_multiclass,mfeat-fourier,feature_scale,F2_20_100,tabicl,multiclass,2000,1280,320,1600,400,76,76,0,10,talent_numeric_plus_ordinal_categorical,cpu,D:\_Projects\Tabular-Foundation-Models-Evaluation\.local_models\tabicl\tabicl-classifier-v2-20260212.ckpt,42,0.9225,0.9225,0.9222297786874092,True,0.9158495824038982,0.9384592335398604,0.6467217995274451,0.2917374340124152,2.097678199992515,39.32831930002431,86.16709569998784,0.0983207982500607,5530.76171875,57968.85337342681,True,,,姚怀宇_light_laptop,姚怀宇,light_laptop,D:\Codex项目\人工智能2大作业\results\raw\姚怀宇_light_laptop\tabicl\feature_scale\F2_20_100\mfeat-fourier_2000rows_76feat_multiclass\run_20260616_001218\metrics.csv,D:\Codex项目\人工智能2大作业\results\raw\姚怀宇_light_laptop\tabicl\feature_scale\F2_20_100\mfeat-fourier_2000rows_76feat_multiclass\run_20260616_001218,True
run_20260616_002219,姚怀宇,2026-06-16T00:22:19,mfeat-karhunen_2000rows_64feat_multiclass,mfeat-karhunen,feature_scale,F2_20_100,tabicl,multiclass,2000,1280,320,1600,400,64,64,0,10,talent_numeric_plus_ordinal_categorical,cpu,D:\_Projects\Tabular-Foundation-Models-Evaluation\.local_models\tabicl\tabicl-classifier-v2-20260212.ckpt,42,0.975,0.975,0.975015727207024,True,0.9866094924509524,0.994572903559758,0.6760364592075347,0.3185364443522234,0.6157292000134476,20.229348300024867,43.41263849998359,0.0505733707500621,4695.64453125,166306.87646089154,True,,,姚怀宇_light_laptop,姚怀宇,light_laptop,D:\Codex项目\人工智能2大作业\results\raw\姚怀宇_light_laptop\tabicl\feature_scale\F2_20_100\mfeat-karhunen_2000rows_64feat_multiclass\run_20260616_002219\metrics.csv,D:\Codex项目\人工智能2大作业\results\raw\姚怀宇_light_laptop\tabicl\feature_scale\F2_20_100\mfeat-karhunen_2000rows_64feat_multiclass\run_20260616_002219,True
run_20260616_002745,姚怀宇,2026-06-16T00:27:45,mfeat-zernike_2000rows_47feat_multiclass,mfeat-zernike,feature_scale,F2_20_100,tabicl,multiclass,2000,1280,320,1600,400,47,47,0,10,talent_numeric_plus_ordinal_categorical,cpu,D:\_Projects\Tabular-Foundation-Models-Evaluation\.local_models\tabicl\tabicl-classifier-v2-20260212.ckpt,42,0.8925,0.8925000000000001,0.8913521741273422,True,0.880929790660739,0.9220417594375396,0.5396048405835795,0.3824369188539601,0.578245600045193,16.463227799977176,35.80841430003056,0.0411580694999429,3609.22265625,130048.54683567453,True,,,姚怀宇_light_laptop,姚怀宇,light_laptop,D:\Codex项目\人工智能2大作业\results\raw\姚怀宇_light_laptop\tabicl\feature_scale\F2_20_100\mfeat-zernike_2000rows_47feat_multiclass\run_20260616_002745\metrics.csv,D:\Codex项目\人工智能2大作业\results\raw\姚怀宇_light_laptop\tabicl\feature_scale\F2_20_100\mfeat-zernike_2000rows_47feat_multiclass\run_20260616_002745,True
run_20260616_003155,姚怀宇,2026-06-16T00:31:55,mfeat-factors_2000rows_216feat_multiclass,mfeat-factors,feature_scale,F3_100_300,tabicl,multiclass,2000,1280,320,1600,400,216,216,0,10,talent_numeric_plus_ordinal_categorical,cpu,D:\_Projects\Tabular-Foundation-Models-Evaluation\.local_models\tabicl\tabicl-classifier-v2-20260212.ckpt,42,0.9825,0.9825,0.9824984372558212,True,0.9924362573027612,0.9949570157145726,0.8509136778967721,0.1440433378178005,1.372624800016638,88.02185389999067,174.01875639997888,0.2200546347499767,16978.86328125,251780.38455651604,True,,,姚怀宇_light_laptop,姚怀宇,light_laptop,D:\Codex项目\人工智能2大作业\results\raw\姚怀宇_light_laptop\tabicl\feature_scale\F3_100_300\mfeat-factors_2000rows_216feat_multiclass\run_20260616_003155\metrics.csv,D:\Codex项目\人工智能2大作业\results\raw\姚怀宇_light_laptop\tabicl\feature_scale\F3_100_300\mfeat-factors_2000rows_216feat_multiclass\run_20260616_003155,True
run_20260616_004919,姚怀宇,2026-06-16T00:49:19,mfeat-pixel_2000rows_240feat_multiclass,mfeat-pixel,feature_scale,F3_100_300,tabicl,multiclass,2000,1280,320,1600,400,240,0,240,10,talent_numeric_plus_ordinal_categorical,cpu,D:\_Projects\Tabular-Foundation-Models-Evaluation\.local_models\tabicl\tabicl-classifier-v2-20260212.ckpt,42,0.975,0.975,0.97494801061037,True,0.9881675165891648,0.9948017577330271,0.7294321119785309,0.2653696457544963,1.4858564999885857,97.0262500999961,190.25453629996628,0.2425656252499902,18036.578125,258436.80059477472,True,,,姚怀宇_light_laptop,姚怀宇,light_laptop,D:\Codex项目\人工智能2大作业\results\raw\姚怀宇_light_laptop\tabicl\feature_scale\F3_100_300\mfeat-pixel_2000rows_240feat_multiclass\run_20260616_004919\metrics.csv,D:\Codex项目\人工智能2大作业\results\raw\姚怀宇_light_laptop\tabicl\feature_scale\F3_100_300\mfeat-pixel_2000rows_240feat_multiclass\run_20260616_004919,True
run_20260616_010549,姚怀宇,2026-06-16T01:05:49,kc1_2109rows_21feat_binclass,kc1,sample_scale,A_1000_3000,tabicl,binclass,2109,1349,338,1687,422,21,21,0,2,talent_numeric_plus_ordinal_categorical,cpu,D:\_Projects\Tabular-Foundation-Models-Evaluation\.local_models\tabicl\tabicl-classifier-v2-20260212.ckpt,42,0.8767772511848341,0.6692092221503987,0.7050537634408602,True,0.8830919462075165,0.9059858265760784,0.7201931820465968,0.1857926445294815,0.4327166000148281,9.566098199982662,22.465856799972244,0.0226684791468783,2344.36328125,81871.13690296606,True,,,姚怀宇_light_laptop,姚怀宇,light_laptop,D:\Codex项目\人工智能2大作业\results\raw\姚怀宇_light_laptop\tabicl\sample_scale\A_1000_3000\kc1_2109rows_21feat_binclass\run_20260616_010549\metrics.csv,D:\Codex项目\人工智能2大作业\results\raw\姚怀宇_light_laptop\tabicl\sample_scale\A_1000_3000\kc1_2109rows_21feat_binclass\run_20260616_010549,True
run_20260616_010749,姚怀宇,2026-06-16T01:07:49,pc1_1109rows_21feat_binclass,pc1,sample_scale,A_1000_3000,tabicl,binclass,1109,709,178,887,222,21,21,0,2,talent_numeric_plus_ordinal_categorical,cpu,D:\_Projects\Tabular-Foundation-Models-Evaluation\.local_models\tabicl\tabicl-classifier-v2-20260212.ckpt,42,0.945945945945946,0.6618357487922705,0.7130547177940543,True,0.9484370254181528,0.9591179600783756,0.7615206688642502,0.1975972912141255,0.3706360000069253,4.85895540000638,12.393499800004063,0.0218871864865152,1363.66796875,50256.85578209336,True,,,姚怀宇_light_laptop,姚怀宇,light_laptop,D:\Codex项目\人工智能2大作业\results\raw\姚怀宇_light_laptop\tabicl\sample_scale\A_1000_3000\pc1_1109rows_21feat_binclass\run_20260616_010749\metrics.csv,D:\Codex项目\人工智能2大作业\results\raw\姚怀宇_light_laptop\tabicl\sample_scale\A_1000_3000\pc1_1109rows_21feat_binclass\run_20260616_010749,True
run_20260616_010851,姚怀宇,2026-06-16T01:08:51,ringnorm_7400rows_20feat_binclass,ringnorm,sample_scale,B_3000_10000,tabicl,binclass,7400,4736,1184,5920,1480,20,20,0,2,talent_numeric_plus_ordinal_categorical,cpu,D:\_Projects\Tabular-Foundation-Models-Evaluation\.local_models\tabicl\tabicl-classifier-v2-20260212.ckpt,42,0.9797297297297296,0.979651210572166,0.979723471999211,True,0.9819156682169116,0.9857414301099447,0.797003843386968,0.1887375867229769,0.4267987000057474,50.6450685999589,100.87547520000952,0.0342196409459181,6229.95703125,277414.1533195992,True,,,姚怀宇_light_laptop,姚怀宇,light_laptop,D:\Codex项目\人工智能2大作业\results\raw\姚怀宇_light_laptop\tabicl\sample_scale\B_3000_10000\ringnorm_7400rows_20feat_binclass\run_20260616_010851\metrics.csv,D:\Codex项目\人工智能2大作业\results\raw\姚怀宇_light_laptop\tabicl\sample_scale\B_3000_10000\ringnorm_7400rows_20feat_binclass\run_20260616_010851,True
run_20260616_011949,姚怀宇,2026-06-16T01:19:49,sylvine_5124rows_20feat_binclass,sylvine,sample_scale,B_3000_10000,tabicl,binclass,5124,3279,820,4099,1025,20,20,0,2,talent_numeric_plus_ordinal_categorical,cpu,D:\_Projects\Tabular-Foundation-Models-Evaluation\.local_models\tabicl\tabicl-classifier-v2-20260212.ckpt,42,0.9795121951219512,0.9795150310672516,0.9795121171193036,True,0.9791481412329324,0.9840050597946008,0.7469411776179359,0.2370638821766648,0.3993198000243865,29.13440300000366,60.59979599999497,0.0284238078048816,4351.515625,205299.11112595335,True,,,姚怀宇_light_laptop,姚怀宇,light_laptop,D:\Codex项目\人工智能2大作业\results\raw\姚怀宇_light_laptop\tabicl\sample_scale\B_3000_10000\sylvine_5124rows_20feat_binclass\run_20260616_011949\metrics.csv,D:\Codex项目\人工智能2大作业\results\raw\姚怀宇_light_laptop\tabicl\sample_scale\B_3000_10000\sylvine_5124rows_20feat_binclass\run_20260616_011949,True
run_20260616_012618,姚怀宇,2026-06-16T01:26:18,default_of_credit_card_clients_30000rows_23feat_binclass,default_of_credit_card_clients_30000rows_23feat_binclass,sample_scale,C_10000_30000,tabicl,binclass,30000,19200,4800,24000,6000,23,14,9,2,talent_numeric_plus_ordinal_categorical,cpu,D:\_Projects\Tabular-Foundation-Models-Evaluation\.local_models\tabicl\tabicl-classifier-v2-20260212.ckpt,42,0.827,0.6685162933951249,0.6956106349773291,True,0.8379435923000177,0.8551297641026305,0.7557877305615155,0.099342033541115,0.7861173000419512,575.1985461000004,1165.7463904999895,0.09586642435,18144.91796875,702185.2845250225,True,,,姚怀宇_light_laptop,姚怀宇,light_laptop,D:\Codex项目\人工智能2大作业\results\raw\姚怀宇_light_laptop\tabicl\sample_scale\C_10000_30000\default_of_credit_card_clients_30000rows_23feat_binclass\run_20260616_012618\metrics.csv,D:\Codex项目\人工智能2大作业\results\raw\姚怀宇_light_laptop\tabicl\sample_scale\C_10000_30000\default_of_credit_card_clients_30000rows_23feat_binclass\run_20260616_012618,True
run_20260616_041412,姚怀宇,2026-06-16T04:14:12,jm1_10885rows_21feat_binclass,jm1,sample_scale,C_10000_30000,tabicl,binclass,10885,6966,1742,8708,2177,21,21,0,2,talent_numeric_plus_ordinal_categorical,cpu,D:\_Projects\Tabular-Foundation-Models-Evaluation\.local_models\tabicl\tabicl-classifier-v2-20260212.ckpt,42,0.8259072117593018,0.6004442183974592,0.6202892414602437,True,0.8423218913564564,0.8606758887762488,0.7552493653385495,0.1054265234376993,0.5870727999717928,86.474469400011,177.41823870001826,0.0397218508957331,10197.140625,311491.1813471622,True,,,姚怀宇_light_laptop,姚怀宇,light_laptop,D:\Codex项目\人工智能2大作业\results\raw\姚怀宇_light_laptop\tabicl\sample_scale\C_10000_30000\jm1_10885rows_21feat_binclass\run_20260616_041412\metrics.csv,D:\Codex项目\人工智能2大作业\results\raw\姚怀宇_light_laptop\tabicl\sample_scale\C_10000_30000\jm1_10885rows_21feat_binclass\run_20260616_041412,True
run_20260616_001035,姚怀宇,2026-06-16T00:10:35,mfeat-morphological_2000rows_6feat_multiclass,mfeat-morphological,feature_scale,F1_6_20,tabpfn,multiclass,2000,1280,320,1600,400,6,6,0,10,talent_numeric_plus_ordinal_categorical,cpu,D:\_Projects\Tabular-Foundation-Models-Evaluation\.local_models\tabpfn\tabpfn-v2-classifier-finetuned-zk73skhh.ckpt,42,0.775,0.775,0.7687797147562592,True,0.7782667366415262,0.8292442071822381,0.6026776714457406,0.2265665357364975,0.9492673000204376,31.473795099998824,71.56403410003986,0.078684487749997,649.23828125,10113.06299057527,True,,,姚怀宇_light_laptop,姚怀宇,light_laptop,D:\Codex项目\人工智能2大作业\results\raw\姚怀宇_light_laptop\tabpfn\feature_scale\F1_6_20\mfeat-morphological_2000rows_6feat_multiclass\run_20260616_001035\metrics.csv,D:\Codex项目\人工智能2大作业\results\raw\姚怀宇_light_laptop\tabpfn\feature_scale\F1_6_20\mfeat-morphological_2000rows_6feat_multiclass\run_20260616_001035,True
run_20260616_001350,姚怀宇,2026-06-16T00:13:50,mfeat-fourier_2000rows_76feat_multiclass,mfeat-fourier,feature_scale,F2_20_100,tabpfn,multiclass,2000,1280,320,1600,400,76,76,0,10,talent_numeric_plus_ordinal_categorical,cpu,D:\_Projects\Tabular-Foundation-Models-Evaluation\.local_models\tabpfn\tabpfn-v2-classifier-finetuned-zk73skhh.ckpt,42,0.9175,0.9175,0.9168920510383926,True,0.885170922204852,0.9113238238671172,0.5943189552336028,0.3170048686335143,1.6425764999585226,294.2315655000275,494.49462249997305,0.7355789137500688,3011.953125,74030.03756785183,True,,,姚怀宇_light_laptop,姚怀宇,light_laptop,D:\Codex项目\人工智能2大作业\results\raw\姚怀宇_light_laptop\tabpfn\feature_scale\F2_20_100\mfeat-fourier_2000rows_76feat_multiclass\run_20260616_001350\metrics.csv,D:\Codex项目\人工智能2大作业\results\raw\姚怀宇_light_laptop\tabpfn\feature_scale\F2_20_100\mfeat-fourier_2000rows_76feat_multiclass\run_20260616_001350,True
run_20260616_002305,姚怀宇,2026-06-16T00:23:05,mfeat-karhunen_2000rows_64feat_multiclass,mfeat-karhunen,feature_scale,F2_20_100,tabpfn,multiclass,2000,1280,320,1600,400,64,64,0,10,talent_numeric_plus_ordinal_categorical,cpu,D:\_Projects\Tabular-Foundation-Models-Evaluation\.local_models\tabpfn\tabpfn-v2-classifier-finetuned-zk73skhh.ckpt,42,0.97,0.97,0.969904942969824,True,0.9696679653972388,0.980845379383908,0.6082649131615957,0.3725804662223124,0.5482369000092149,131.9041992999846,267.7336383999791,0.3297604982499615,2524.84765625,186780.56876193272,True,,,姚怀宇_light_laptop,姚怀宇,light_laptop,D:\Codex项目\人工智能2大作业\results\raw\姚怀宇_light_laptop\tabpfn\feature_scale\F2_20_100\mfeat-karhunen_2000rows_64feat_multiclass\run_20260616_002305\metrics.csv,D:\Codex项目\人工智能2大作业\results\raw\姚怀宇_light_laptop\tabpfn\feature_scale\F2_20_100\mfeat-karhunen_2000rows_64feat_multiclass\run_20260616_002305,True
run_20260616_002824,姚怀宇,2026-06-16T00:28:24,mfeat-zernike_2000rows_47feat_multiclass,mfeat-zernike,feature_scale,F2_20_100,tabpfn,multiclass,2000,1280,320,1600,400,47,47,0,10,talent_numeric_plus_ordinal_categorical,cpu,D:\_Projects\Tabular-Foundation-Models-Evaluation\.local_models\tabpfn\tabpfn-v2-classifier-finetuned-zk73skhh.ckpt,42,0.835,0.835,0.8312170725746364,True,0.8711329101771116,0.9336904450626432,0.5545538699988163,0.3791365750638268,0.4814697000547312,96.96619920001832,197.4205445999978,0.2424154980000457,2054.6328125,156188.43717777383,True,,,姚怀宇_light_laptop,姚怀宇,light_laptop,D:\Codex项目\人工智能2大作业\results\raw\姚怀宇_light_laptop\tabpfn\feature_scale\F2_20_100\mfeat-zernike_2000rows_47feat_multiclass\run_20260616_002824\metrics.csv,D:\Codex项目\人工智能2大作业\results\raw\姚怀宇_light_laptop\tabpfn\feature_scale\F2_20_100\mfeat-zernike_2000rows_47feat_multiclass\run_20260616_002824,True
run_20260616_003455,姚怀宇,2026-06-16T00:34:55,mfeat-factors_2000rows_216feat_multiclass,mfeat-factors,feature_scale,F3_100_300,tabpfn,multiclass,2000,1280,320,1600,400,216,216,0,10,talent_numeric_plus_ordinal_categorical,cpu,D:\_Projects\Tabular-Foundation-Models-Evaluation\.local_models\tabpfn\tabpfn-v2-classifier-finetuned-zk73skhh.ckpt,42,0.975,0.975,0.9749268786721188,True,0.9800752971321344,0.9880232260013238,0.6701060712337494,0.3179171547675743,1.8457214999943967,435.8863403999712,848.2502217000001,1.089715850999928,2078.16015625,187243.85016972988,True,,,姚怀宇_light_laptop,姚怀宇,light_laptop,D:\Codex项目\人工智能2大作业\results\raw\姚怀宇_light_laptop\tabpfn\feature_scale\F3_100_300\mfeat-factors_2000rows_216feat_multiclass\run_20260616_003455\metrics.csv,D:\Codex项目\人工智能2大作业\results\raw\姚怀宇_light_laptop\tabpfn\feature_scale\F3_100_300\mfeat-factors_2000rows_216feat_multiclass\run_20260616_003455,True
run_20260616_005235,姚怀宇,2026-06-16T00:52:35,mfeat-pixel_2000rows_240feat_multiclass,mfeat-pixel,feature_scale,F3_100_300,tabpfn,multiclass,2000,1280,320,1600,400,240,0,240,10,talent_numeric_plus_ordinal_categorical,cpu,D:\_Projects\Tabular-Foundation-Models-Evaluation\.local_models\tabpfn\tabpfn-v2-classifier-finetuned-zk73skhh.ckpt,42,0.965,0.965,0.9649345702812456,True,0.9603760572895408,0.9746841457069229,0.5658816194960049,0.4088025262109179,1.4682769000064582,386.96369330002926,782.1007762000081,0.9674092332500732,2189.87890625,261531.05044308127,True,,,姚怀宇_light_laptop,姚怀宇,light_laptop,D:\Codex项目\人工智能2大作业\results\raw\姚怀宇_light_laptop\tabpfn\feature_scale\F3_100_300\mfeat-pixel_2000rows_240feat_multiclass\run_20260616_005235\metrics.csv,D:\Codex项目\人工智能2大作业\results\raw\姚怀宇_light_laptop\tabpfn\feature_scale\F3_100_300\mfeat-pixel_2000rows_240feat_multiclass\run_20260616_005235,True
run_20260616_010614,姚怀宇,2026-06-16T01:06:14,kc1_2109rows_21feat_binclass,kc1,sample_scale,A_1000_3000,tabpfn,binclass,2109,1349,338,1687,422,21,21,0,2,talent_numeric_plus_ordinal_categorical,cpu,D:\_Projects\Tabular-Foundation-Models-Evaluation\.local_models\tabpfn\tabpfn-v2-classifier-finetuned-zk73skhh.ckpt,42,0.8767772511848341,0.6440422322775263,0.6828168362627197,True,0.8822763199207342,0.9011886438807926,0.7477078609741651,0.1534807829066274,0.3407918000011705,41.884360900032334,87.8284077999997,0.0992520400474699,1261.125,103954.9660522299,True,,,姚怀宇_light_laptop,姚怀宇,light_laptop,D:\Codex项目\人工智能2大作业\results\raw\姚怀宇_light_laptop\tabpfn\sample_scale\A_1000_3000\kc1_2109rows_21feat_binclass\run_20260616_010614\metrics.csv,D:\Codex项目\人工智能2大作业\results\raw\姚怀宇_light_laptop\tabpfn\sample_scale\A_1000_3000\kc1_2109rows_21feat_binclass\run_20260616_010614,True
run_20260616_010804,姚怀宇,2026-06-16T01:08:04,pc1_1109rows_21feat_binclass,pc1,sample_scale,A_1000_3000,tabpfn,binclass,1109,709,178,887,222,21,21,0,2,talent_numeric_plus_ordinal_categorical,cpu,D:\_Projects\Tabular-Foundation-Models-Evaluation\.local_models\tabpfn\tabpfn-v2-classifier-finetuned-zk73skhh.ckpt,42,0.9594594594594594,0.7309178743961353,0.7936589899824436,True,0.9486083071511072,0.953404233769072,0.8351047105259366,0.1182995232431354,0.298799299984239,17.693138999980874,39.189725500007626,0.0796988243242381,939.83984375,62339.50347602063,True,,,姚怀宇_light_laptop,姚怀宇,light_laptop,D:\Codex项目\人工智能2大作业\results\raw\姚怀宇_light_laptop\tabpfn\sample_scale\A_1000_3000\pc1_1109rows_21feat_binclass\run_20260616_010804\metrics.csv,D:\Codex项目\人工智能2大作业\results\raw\姚怀宇_light_laptop\tabpfn\sample_scale\A_1000_3000\pc1_1109rows_21feat_binclass\run_20260616_010804,True
run_20260616_011034,姚怀宇,2026-06-16T01:10:34,ringnorm_7400rows_20feat_binclass,ringnorm,sample_scale,B_3000_10000,tabpfn,binclass,7400,4736,1184,5920,1480,20,20,0,2,talent_numeric_plus_ordinal_categorical,cpu,D:\_Projects\Tabular-Foundation-Models-Evaluation\.local_models\tabpfn\tabpfn-v2-classifier-finetuned-zk73skhh.ckpt,42,0.981081081081081,0.9810793880387398,0.9810793880387398,True,0.9569309338927268,0.961316378648616,0.7295142986944744,0.2318020799541417,0.5000922000035644,272.3345541000017,546.321857700008,0.1840098338513525,2880.7109375,236756.3421288237,True,,,姚怀宇_light_laptop,姚怀宇,light_laptop,D:\Codex项目\人工智能2大作业\results\raw\姚怀宇_light_laptop\tabpfn\sample_scale\B_3000_10000\ringnorm_7400rows_20feat_binclass\run_20260616_011034\metrics.csv,D:\Codex项目\人工智能2大作业\results\raw\姚怀宇_light_laptop\tabpfn\sample_scale\B_3000_10000\ringnorm_7400rows_20feat_binclass\run_20260616_011034,True
run_20260616_012052,姚怀宇,2026-06-16T01:20:52,sylvine_5124rows_20feat_binclass,sylvine,sample_scale,B_3000_10000,tabpfn,binclass,5124,3279,820,4099,1025,20,20,0,2,talent_numeric_plus_ordinal_categorical,cpu,D:\_Projects\Tabular-Foundation-Models-Evaluation\.local_models\tabpfn\tabpfn-v2-classifier-finetuned-zk73skhh.ckpt,42,0.977560975609756,0.9775676169590644,0.9775602067030972,True,0.975073625285451,0.9806927176054844,0.7302766468213953,0.250416070784089,0.424734299944248,148.55557159997988,317.0511296999757,0.1449322649755901,2194.0859375,193014.78597504596,True,,,姚怀宇_light_laptop,姚怀宇,light_laptop,D:\Codex项目\人工智能2大作业\results\raw\姚怀宇_light_laptop\tabpfn\sample_scale\B_3000_10000\sylvine_5124rows_20feat_binclass\run_20260616_012052\metrics.csv,D:\Codex项目\人工智能2大作业\results\raw\姚怀宇_light_laptop\tabpfn\sample_scale\B_3000_10000\sylvine_5124rows_20feat_binclass\run_20260616_012052,True
run_20260616_014558,姚怀宇,2026-06-16T01:45:58,default_of_credit_card_clients_30000rows_23feat_binclass,default_of_credit_card_clients_30000rows_23feat_binclass,sample_scale,C_10000_30000,tabpfn,binclass,30000,19200,4800,24000,6000,23,14,9,2,talent_numeric_plus_ordinal_categorical,cpu,D:\_Projects\Tabular-Foundation-Models-Evaluation\.local_models\tabpfn\tabpfn-v2-classifier-finetuned-zk73skhh.ckpt,42,0.826,0.669223268045149,0.6957232799476006,True,0.840861977716287,0.8560875835343654,0.7685841018212709,0.0875034817130945,1.5937913000234405,4691.744475600019,8863.61066169996,0.7819574126000031,4820.43359375,346343.96610891377,True,,,姚怀宇_light_laptop,姚怀宇,light_laptop,D:\Codex项目\人工智能2大作业\results\raw\姚怀宇_light_laptop\tabpfn\sample_scale\C_10000_30000\default_of_credit_card_clients_30000rows_23feat_binclass\run_20260616_014558\metrics.csv,D:\Codex项目\人工智能2大作业\results\raw\姚怀宇_light_laptop\tabpfn\sample_scale\C_10000_30000\default_of_credit_card_clients_30000rows_23feat_binclass\run_20260616_014558,True
run_20260616_041713,姚怀宇,2026-06-16T04:17:13,jm1_10885rows_21feat_binclass,jm1,sample_scale,C_10000_30000,tabpfn,binclass,10885,6966,1742,8708,2177,21,21,0,2,talent_numeric_plus_ordinal_categorical,cpu,D:\_Projects\Tabular-Foundation-Models-Evaluation\.local_models\tabpfn\tabpfn-v2-classifier-finetuned-zk73skhh.ckpt,42,0.8158015617822691,0.564383937798603,0.5699648228853706,True,0.8335673657370424,0.8495493477529233,0.7627843231928914,0.0867650245600319,0.6143700999673456,558.7737411999842,1126.0220511999796,0.2566714474965476,1541.921875,297651.20407018444,True,,,姚怀宇_light_laptop,姚怀宇,light_laptop,D:\Codex项目\人工智能2大作业\results\raw\姚怀宇_light_laptop\tabpfn\sample_scale\C_10000_30000\jm1_10885rows_21feat_binclass\run_20260616_041713\metrics.csv,D:\Codex项目\人工智能2大作业\results\raw\姚怀宇_light_laptop\tabpfn\sample_scale\C_10000_30000\jm1_10885rows_21feat_binclass\run_20260616_041713,True
run_20260616_001209,姚怀宇,2026-06-16T00:12:09,mfeat-morphological_2000rows_6feat_multiclass,mfeat-morphological,feature_scale,F1_6_20,xgboost,multiclass,2000,1280,320,1600,400,6,6,0,10,talent_numeric_plus_ordinal_categorical,cpu,,42,0.7075,0.7074999999999999,0.7062965688611368,True,0.8524953418970108,0.9059509253754632,0.7231967938251984,0.1827541315502648,3.141481600003317,0.0141493999981321,3.317592000006698,3.537349999533035e-05,191.9296875,3055.882931158936,True,,,姚怀宇_light_laptop,姚怀宇,light_laptop,D:\Codex项目\人工智能2大作业\results\raw\姚怀宇_light_laptop\xgboost\feature_scale\F1_6_20\mfeat-morphological_2000rows_6feat_multiclass\run_20260616_001209\metrics.csv,D:\Codex项目\人工智能2大作业\results\raw\姚怀宇_light_laptop\xgboost\feature_scale\F1_6_20\mfeat-morphological_2000rows_6feat_multiclass\run_20260616_001209,True
run_20260616_002213,姚怀宇,2026-06-16T00:22:13,mfeat-fourier_2000rows_76feat_multiclass,mfeat-fourier,feature_scale,F2_20_100,xgboost,multiclass,2000,1280,320,1600,400,76,76,0,10,talent_numeric_plus_ordinal_categorical,cpu,,42,0.8725,0.8724999999999999,0.8717696041432792,True,0.9043641747534276,0.9345063423700524,0.6980971845926023,0.23640915777745,3.1457733000279404,0.0066350999986752,3.200980100024026,1.6587749996688217e-05,208.32421875,38655.04230674218,True,,,姚怀宇_light_laptop,姚怀宇,light_laptop,D:\Codex项目\人工智能2大作业\results\raw\姚怀宇_light_laptop\xgboost\feature_scale\F2_20_100\mfeat-fourier_2000rows_76feat_multiclass\run_20260616_002213\metrics.csv,D:\Codex项目\人工智能2大作业\results\raw\姚怀宇_light_laptop\xgboost\feature_scale\F2_20_100\mfeat-fourier_2000rows_76feat_multiclass\run_20260616_002213,True
run_20260616_002741,姚怀宇,2026-06-16T00:27:41,mfeat-karhunen_2000rows_64feat_multiclass,mfeat-karhunen,feature_scale,F2_20_100,xgboost,multiclass,2000,1280,320,1600,400,64,64,0,10,talent_numeric_plus_ordinal_categorical,cpu,,42,0.935,0.9350000000000002,0.934208806771144,True,0.9343127755820752,0.9528553043616648,0.6675856308295176,0.285269673532147,2.3986093000276014,0.0059409000095911,2.4588359000044875,1.485225002397783e-05,202.9765625,42691.40455630755,True,,,姚怀宇_light_laptop,姚怀宇,light_laptop,D:\Codex项目\人工智能2大作业\results\raw\姚怀宇_light_laptop\xgboost\feature_scale\F2_20_100\mfeat-karhunen_2000rows_64feat_multiclass\run_20260616_002741\metrics.csv,D:\Codex项目\人工智能2大作业\results\raw\姚怀宇_light_laptop\xgboost\feature_scale\F2_20_100\mfeat-karhunen_2000rows_64feat_multiclass\run_20260616_002741,True
run_20260616_003150,姚怀宇,2026-06-16T00:31:50,mfeat-zernike_2000rows_47feat_multiclass,mfeat-zernike,feature_scale,F2_20_100,xgboost,multiclass,2000,1280,320,1600,400,47,47,0,10,talent_numeric_plus_ordinal_categorical,cpu,,42,0.7875,0.7875,0.7902087378501466,True,0.8825401033461094,0.9140838407334828,0.7656427236164317,0.148441117117051,2.346829699992668,0.0065873000421561,2.396602799999528,1.6468250105390326e-05,203.5859375,32043.2283604707,True,,,姚怀宇_light_laptop,姚怀宇,light_laptop,D:\Codex项目\人工智能2大作业\results\raw\姚怀宇_light_laptop\xgboost\feature_scale\F2_20_100\mfeat-zernike_2000rows_47feat_multiclass\run_20260616_003150\metrics.csv,D:\Codex项目\人工智能2大作业\results\raw\姚怀宇_light_laptop\xgboost\feature_scale\F2_20_100\mfeat-zernike_2000rows_47feat_multiclass\run_20260616_003150,True
run_20260616_004913,姚怀宇,2026-06-16T00:49:13,mfeat-factors_2000rows_216feat_multiclass,mfeat-factors,feature_scale,F3_100_300,xgboost,multiclass,2000,1280,320,1600,400,216,216,0,10,talent_numeric_plus_ordinal_categorical,cpu,,42,0.9675,0.9675,0.9675739107525873,True,0.9697432715445756,0.9790527179105646,0.6926082143416772,0.2864445035688874,3.1748191000078805,0.0075165000162087,3.2728694999823347,1.8791250040521847e-05,207.8515625,108856.595955071,True,,,姚怀宇_light_laptop,姚怀宇,light_laptop,D:\Codex项目\人工智能2大作业\results\raw\姚怀宇_light_laptop\xgboost\feature_scale\F3_100_300\mfeat-factors_2000rows_216feat_multiclass\run_20260616_004913\metrics.csv,D:\Codex项目\人工智能2大作业\results\raw\姚怀宇_light_laptop\xgboost\feature_scale\F3_100_300\mfeat-factors_2000rows_216feat_multiclass\run_20260616_004913,True
run_20260616_010545,姚怀宇,2026-06-16T01:05:45,mfeat-pixel_2000rows_240feat_multiclass,mfeat-pixel,feature_scale,F3_100_300,xgboost,multiclass,2000,1280,320,1600,400,240,0,240,10,talent_numeric_plus_ordinal_categorical,cpu,,42,0.96,0.96,0.9601860176860176,True,0.9587739767879248,0.9740595965801429,0.5919191017746925,0.3821404948054502,1.9583136000437664,0.0064156000153161,2.121961399971042,1.6039000038290396e-05,192.08984375,196087.0822688552,True,,,姚怀宇_light_laptop,姚怀宇,light_laptop,D:\Codex项目\人工智能2大作业\results\raw\姚怀宇_light_laptop\xgboost\feature_scale\F3_100_300\mfeat-pixel_2000rows_240feat_multiclass\run_20260616_010545\metrics.csv,D:\Codex项目\人工智能2大作业\results\raw\姚怀宇_light_laptop\xgboost\feature_scale\F3_100_300\mfeat-pixel_2000rows_240feat_multiclass\run_20260616_010545,True
run_20260616_010747,姚怀宇,2026-06-16T01:07:47,kc1_2109rows_21feat_binclass,kc1,sample_scale,A_1000_3000,xgboost,binclass,2109,1349,338,1687,422,21,21,0,2,talent_numeric_plus_ordinal_categorical,cpu,,42,0.8744075829383886,0.6929756517991812,0.7208263121762466,True,0.8986408275450576,0.9176101161212455,0.7665716297221634,0.1510384863990821,0.1471089000115171,0.0033249999978579,0.1951055999961681,7.879146914355351e-06,169.15234375,240821.59541147025,True,,,姚怀宇_light_laptop,姚怀宇,light_laptop,D:\Codex项目\人工智能2大作业\results\raw\姚怀宇_light_laptop\xgboost\sample_scale\A_1000_3000\kc1_2109rows_21feat_binclass\run_20260616_010747\metrics.csv,D:\Codex项目\人工智能2大作业\results\raw\姚怀宇_light_laptop\xgboost\sample_scale\A_1000_3000\kc1_2109rows_21feat_binclass\run_20260616_010747,True
run_20260616_010849,姚怀宇,2026-06-16T01:08:49,pc1_1109rows_21feat_binclass,pc1,sample_scale,A_1000_3000,xgboost,binclass,1109,709,178,887,222,21,21,0,2,talent_numeric_plus_ordinal_categorical,cpu,,42,0.945945945945946,0.7236714975845411,0.7548767022451233,True,0.9662917516789996,0.9738463203112284,0.8340868006149927,0.1397595196962356,0.1074359000194817,0.002618100028485,0.1510632999707013,1.1793243371554325e-05,165.23828125,173377.80012660843,True,,,姚怀宇_light_laptop,姚怀宇,light_laptop,D:\Codex项目\人工智能2大作业\results\raw\姚怀宇_light_laptop\xgboost\sample_scale\A_1000_3000\pc1_1109rows_21feat_binclass\run_20260616_010849\metrics.csv,D:\Codex项目\人工智能2大作业\results\raw\姚怀宇_light_laptop\xgboost\sample_scale\A_1000_3000\pc1_1109rows_21feat_binclass\run_20260616_010849,True
run_20260616_011947,姚怀宇,2026-06-16T01:19:47,ringnorm_7400rows_20feat_binclass,ringnorm,sample_scale,B_3000_10000,xgboost,binclass,7400,4736,1184,5920,1480,20,20,0,2,talent_numeric_plus_ordinal_categorical,cpu,,42,0.9682432432432432,0.9680805988848528,0.9682211762276488,True,0.9506907786066467,0.9582141743867612,0.7213072434384772,0.2369069309482839,0.261893399991095,0.0035416999598965,0.3160037000197917,2.3930405134435845e-06,172.23828125,452092.3398757886,True,,,姚怀宇_light_laptop,姚怀宇,light_laptop,D:\Codex项目\人工智能2大作业\results\raw\姚怀宇_light_laptop\xgboost\sample_scale\B_3000_10000\ringnorm_7400rows_20feat_binclass\run_20260616_011947\metrics.csv,D:\Codex项目\人工智能2大作业\results\raw\姚怀宇_light_laptop\xgboost\sample_scale\B_3000_10000\ringnorm_7400rows_20feat_binclass\run_20260616_011947,True
run_20260616_012615,姚怀宇,2026-06-16T01:26:15,sylvine_5124rows_20feat_binclass,sylvine,sample_scale,B_3000_10000,xgboost,binclass,5124,3279,820,4099,1025,20,20,0,2,talent_numeric_plus_ordinal_categorical,cpu,,42,0.9434146341463414,0.943431712962963,0.9433990646802548,True,0.9601168487711652,0.9711352852409112,0.7764129165945381,0.1947223686463729,0.4639690999756567,0.0025013999547809,0.5180229999823496,2.440390199786279e-06,169.65234375,176692.80131866818,True,,,姚怀宇_light_laptop,姚怀宇,light_laptop,D:\Codex项目\人工智能2大作业\results\raw\姚怀宇_light_laptop\xgboost\sample_scale\B_3000_10000\sylvine_5124rows_20feat_binclass\run_20260616_012615\metrics.csv,D:\Codex项目\人工智能2大作业\results\raw\姚怀宇_light_laptop\xgboost\sample_scale\B_3000_10000\sylvine_5124rows_20feat_binclass\run_20260616_012615,True
run_20260616_041402,姚怀宇,2026-06-16T04:14:02,default_of_credit_card_clients_30000rows_23feat_binclass,default_of_credit_card_clients_30000rows_23feat_binclass,sample_scale,C_10000_30000,xgboost,binclass,30000,19200,4800,24000,6000,23,14,9,2,talent_numeric_plus_ordinal_categorical,cpu,,42,0.8223333333333334,0.6614734777266702,0.6871585939627674,True,0.8280391526619594,0.845329383739248,0.7480110099458784,0.0973183737933696,0.3471097000292502,0.0065816999995149,0.5494719000416808,1.0969499999191612e-06,184.95703125,1590275.3508573344,True,,,姚怀宇_light_laptop,姚怀宇,light_laptop,D:\Codex项目\人工智能2大作业\results\raw\姚怀宇_light_laptop\xgboost\sample_scale\C_10000_30000\default_of_credit_card_clients_30000rows_23feat_binclass\run_20260616_041402\metrics.csv,D:\Codex项目\人工智能2大作业\results\raw\姚怀宇_light_laptop\xgboost\sample_scale\C_10000_30000\default_of_credit_card_clients_30000rows_23feat_binclass\run_20260616_041402,True
run_20260616_043604,姚怀宇,2026-06-16T04:36:04,jm1_10885rows_21feat_binclass,jm1,sample_scale,C_10000_30000,xgboost,binclass,10885,6966,1742,8708,2177,21,21,0,2,talent_numeric_plus_ordinal_categorical,cpu,,42,0.8107487367937529,0.577504206818563,0.5890435311711923,True,0.8321812994774734,0.850259869362072,0.7547330571320451,0.0955268122300269,0.2274422000045888,0.0037571000284515,0.279028000019025,1.7258153552832029e-06,172.6328125,804019.6586047378,True,,,姚怀宇_light_laptop,姚怀宇,light_laptop,D:\Codex项目\人工智能2大作业\results\raw\姚怀宇_light_laptop\xgboost\sample_scale\C_10000_30000\jm1_10885rows_21feat_binclass\run_20260616_043604\metrics.csv,D:\Codex项目\人工智能2大作业\results\raw\姚怀宇_light_laptop\xgboost\sample_scale\C_10000_30000\jm1_10885rows_21feat_binclass\run_20260616_043604,True
